[{"id":"user-image-Snag_10a3700_upscayl_3x_ultrasharp.webp","publicUrl":"np://user.desktop.nicepage.com/Site_915501651/images/Snag_10a3700_upscayl_3x_ultrasharp.webp","size":1023370,"hash":"6eY47dgmKHAcld+9Q2bfZQItycs=","fileName":"Snag_10a3700_upscayl_3x_ultrasharp.webp","name":"Snag_10a3700_upscayl_3x_ultrasharp","width":1740,"height":906,"thumbnail":{"url":"np://user.desktop.nicepage.com/Site_915501651/images/thumbnails/Snag_10a3700_upscayl_3x_ultrasharp.webp","width":250,"height":130},"folderId":null,"usages":["59017511"]},{"id":"user-image-perapiankamartidur.webp","publicUrl":"np://user.desktop.nicepage.com/Site_915501651/images/perapiankamartidur.webp","size":1341812,"hash":"QLVWaaBg2B5eLWfyM65kpvyFRw0=","fileName":"perapiankamartidur.webp","name":"perapiankamartidur","width":1272,"height":1092,"thumbnail":{"url":"np://user.desktop.nicepage.com/Site_915501651/images/thumbnails/perapiankamartidur.webp","width":250,"height":215},"folderId":null,"usages":["59017511"]},{"id":"user-image-perapiankamarmandi.webp","publicUrl":"np://user.desktop.nicepage.com/Site_915501651/images/perapiankamarmandi.webp","size":663522,"hash":"LoSLm1w3mIXHZPaLGsdrvefDnN0=","fileName":"perapiankamarmandi.webp","name":"perapiankamarmandi","width":840,"height":690,"thumbnail":{"url":"np://user.desktop.nicepage.com/Site_915501651/images/thumbnails/perapiankamarmandi.webp","width":250,"height":205},"folderId":null,"usages":["59017511"]},{"id":"user-image-perapiaanruangkeluarga.webp","publicUrl":"np://user.desktop.nicepage.com/Site_915501651/images/perapiaanruangkeluarga.webp","size":576456,"hash":"GdqRHn1WftYqJkwApKn+YC5hz0c=","fileName":"perapiaanruangkeluarga.webp","name":"perapiaanruangkeluarga","width":681,"height":762,"thumbnail":{"url":"np://user.desktop.nicepage.com/Site_915501651/images/thumbnails/perapiaanruangkeluarga.webp","width":223,"height":250},"folderId":null,"usages":["59017511"]},{"id":"user-image-perapianruangtamu.webp","publicUrl":"np://user.desktop.nicepage.com/Site_915501651/images/perapianruangtamu.webp","size":1186314,"hash":"Y3U1WCtUutmp53iS9H/+R6Lftis=","fileName":"perapianruangtamu.webp","name":"perapianruangtamu","width":1062,"height":1077,"thumbnail":{"url":"np://user.desktop.nicepage.com/Site_915501651/images/thumbnails/perapianruangtamu.webp","width":247,"height":250},"folderId":null,"usages":["59017511"]},{"id":"user-image-ainew.jpg","publicUrl":"np://user.desktop.nicepage.com/Site_915501651/images/ainew.jpg","size":137305,"hash":"/vDNsLQclhAbjYuCfyhwG+5Hfbk=","fileName":"ainew.jpg","name":"ainew","width":768,"height":698,"thumbnail":{"url":"np://user.desktop.nicepage.com/Site_915501651/images/thumbnails/ainew.jpg","width":250,"height":227},"folderId":null,"usages":["59017511"]},{"id":"user-image-hematenergi.jpg","publicUrl":"np://user.desktop.nicepage.com/Site_915501651/images/hematenergi.jpg","size":103713,"hash":"h6vgcdAP59jTWaznAtM75GZdAr0=","fileName":"hematenergi.jpg","name":"hematenergi","width":672,"height":670,"thumbnail":{"url":"np://user.desktop.nicepage.com/Site_915501651/images/thumbnails/hematenergi.jpg","width":250,"height":249},"folderId":null,"usages":["59017511"]},{"id":"user-image-Snag_b79ea7_upscayl_3x_ultrasharp.webp","publicUrl":"np://user.desktop.nicepage.com/Site_915501651/images/Snag_b79ea7_upscayl_3x_ultrasharp.webp","size":1253522,"hash":"ZqByjifOI1N1ltQY1fsXlGnJt74=","fileName":"Snag_b79ea7_upscayl_3x_ultrasharp.webp","name":"Snag_b79ea7_upscayl_3x_ultrasharp","width":1680,"height":1035,"thumbnail":{"url":"np://user.desktop.nicepage.com/Site_915501651/images/thumbnails/Snag_b79ea7_upscayl_3x_ultrasharp.webp","width":250,"height":154},"folderId":null,"usages":["59017511"]},{"id":"user-image-biru.webp","publicUrl":"np://user.desktop.nicepage.com/Site_915501651/images/biru.webp","size":1330112,"hash":"895vMyHRqXAdpwUAT4OXjBEhXA4=","fileName":"biru.webp","name":"biru","width":1086,"height":1251,"thumbnail":{"url":"np://user.desktop.nicepage.com/Site_915501651/images/thumbnails/biru.webp","width":217,"height":250},"folderId":null,"usages":["59017511"]},{"id":"user-image-ungu.webp","publicUrl":"np://user.desktop.nicepage.com/Site_915501651/images/ungu.webp","size":1283392,"hash":"zbWtwkoEHHzk3X9FtSehFY1AAMs=","fileName":"ungu.webp","name":"ungu","width":1095,"height":1182,"thumbnail":{"url":"np://user.desktop.nicepage.com/Site_915501651/images/thumbnails/ungu.webp","width":232,"height":250},"folderId":null,"usages":["59017511"]},{"id":"user-image-blue.webp","publicUrl":"np://user.desktop.nicepage.com/Site_915501651/images/blue.webp","size":1234478,"hash":"z6Y36TcAfTzwOy+ofxVZ9Dp8zRY=","fileName":"blue.webp","name":"blue","width":1098,"height":1251,"thumbnail":{"url":"np://user.desktop.nicepage.com/Site_915501651/images/thumbnails/blue.webp","width":219,"height":250},"folderId":null,"usages":["59017511"]},{"id":"user-image-birutua.webp","publicUrl":"np://user.desktop.nicepage.com/Site_915501651/images/birutua.webp","size":1435784,"hash":"w9Y8bOKmXg7G4P5SuIa9fxxmVfc=","fileName":"birutua.webp","name":"birutua","width":1074,"height":1323,"thumbnail":{"url":"np://user.desktop.nicepage.com/Site_915501651/images/thumbnails/birutua.webp","width":203,"height":250},"folderId":null,"usages":["59017511"]},{"id":"user-image-hijau.webp","publicUrl":"np://user.desktop.nicepage.com/Site_915501651/images/hijau.webp","size":1087080,"hash":"17IclBXzhKfOu5SQJx4bjCZQR1Q=","fileName":"hijau.webp","name":"hijau","width":1083,"height":1227,"thumbnail":{"url":"np://user.desktop.nicepage.com/Site_915501651/images/thumbnails/hijau.webp","width":221,"height":250},"folderId":null,"usages":["59017511"]},{"id":"user-image-api.webp","publicUrl":"np://user.desktop.nicepage.com/Site_915501651/images/api.webp","size":1270968,"hash":"sqZg4TsQlhm6J8kWmaZ83kEDp4c=","fileName":"api.webp","name":"api","width":1083,"height":1191,"thumbnail":{"url":"np://user.desktop.nicepage.com/Site_915501651/images/thumbnails/api.webp","width":227,"height":250},"folderId":null,"usages":["59017511"]},{"id":"user-image-Snag_a7696c_upscayl_3x_ultrasharp.webp","publicUrl":"np://user.desktop.nicepage.com/Site_915501651/images/Snag_a7696c_upscayl_3x_ultrasharp.webp","size":463404,"hash":"fdRtPv1jrygMMOApHa6qvUMRn1Y=","fileName":"Snag_a7696c_upscayl_3x_ultrasharp.webp","name":"Snag_a7696c_upscayl_3x_ultrasharp","width":888,"height":567,"thumbnail":{"url":"np://user.desktop.nicepage.com/Site_915501651/images/thumbnails/Snag_a7696c_upscayl_3x_ultrasharp.webp","width":250,"height":160},"folderId":null,"usages":["59017511"]},{"id":"user-image-fire.jpg","publicUrl":"np://user.desktop.nicepage.com/Site_915501651/images/fire.jpg","size":87571,"hash":"Dw85itfLeP4IE3JcW1g7McSuY3A=","fileName":"fire.jpg","name":"fire","width":642,"height":642,"thumbnail":{"url":"np://user.desktop.nicepage.com/Site_915501651/images/thumbnails/fire.jpg","width":250,"height":250},"folderId":null,"usages":["59017511"]},{"id":"user-image-fireplaace.jpg","publicUrl":"np://user.desktop.nicepage.com/Site_915501651/images/fireplaace.jpg","size":153249,"hash":"sS7/Q1d6T75sTb4WbMsrPSTKQf8=","fileName":"fireplaace.jpg","name":"fireplaace","width":764,"height":693,"thumbnail":{"url":"np://user.desktop.nicepage.com/Site_915501651/images/thumbnails/fireplaace.jpg","width":250,"height":227},"folderId":null,"usages":["59017511"]},{"id":"user-image-2060448.png","publicUrl":"np://user.desktop.nicepage.com/Site_915501651/images/2060448.png","size":3574,"hash":"pM73jpyE/8D0UGzP7vgzf5Q5w9Q=","fileName":"2060448.png","name":"2060448","width":128,"height":128,"thumbnail":{"url":"np://user.desktop.nicepage.com/Site_915501651/images/thumbnails/2060448.png","width":128,"height":128,"length":3574,"type":"png"},"folderId":null,"usages":["59017511"]},{"id":"user-image-4228916.png","publicUrl":"np://user.desktop.nicepage.com/Site_915501651/images/4228916.png","size":4884,"hash":"x5WTeAzMAOkKPTECHF2QHw7sSEo=","fileName":"4228916.png","name":"4228916","width":128,"height":128,"thumbnail":{"url":"np://user.desktop.nicepage.com/Site_915501651/images/thumbnails/4228916.png","width":128,"height":128,"length":4884,"type":"png"},"folderId":null,"usages":["59017511"]},{"id":"user-image-921439.png","publicUrl":"np://user.desktop.nicepage.com/Site_915501651/images/921439.png","size":6657,"hash":"6T+DqHJfLcz7o8dDlBUOCBAVhEo=","fileName":"921439.png","name":"921439","width":128,"height":128,"thumbnail":{"url":"np://user.desktop.nicepage.com/Site_915501651/images/thumbnails/921439.png","width":128,"height":128,"length":6657,"type":"png"},"folderId":null,"usages":["59017511"]},{"id":"user-image-5661644.png","publicUrl":"np://user.desktop.nicepage.com/Site_915501651/images/5661644.png","size":3388,"hash":"AmeCOmlYMTvBHVPmNOR47SLLCSc=","fileName":"5661644.png","name":"5661644","width":128,"height":128,"thumbnail":{"url":"np://user.desktop.nicepage.com/Site_915501651/images/thumbnails/5661644.png","width":128,"height":128,"length":3388,"type":"png"},"folderId":null,"usages":["59017511"]},{"id":"user-image-NEWLOGOPUTIHLEATIQUE.png","publicUrl":"np://user.desktop.nicepage.com/Site_915501651/images/NEWLOGOPUTIHLEATIQUE.png","size":7026,"hash":"bJN6V5Oi+NnUC3mmhlpE7SKZ58I=","fileName":"NEWLOGOPUTIHLEATIQUE.png","name":"NEWLOGOPUTIHLEATIQUE","width":441,"height":214,"thumbnail":{"url":"np://user.desktop.nicepage.com/Site_915501651/images/thumbnails/NEWLOGOPUTIHLEATIQUE.png","width":250,"height":121},"folderId":null,"usages":["87935971"]},{"id":"user-image-684908.png","publicUrl":"np://user.desktop.nicepage.com/Site_915501651/images/684908.png","size":3369,"hash":"QmlhdQJ/zE4/kUTef6pY1oR6XWw=","fileName":"684908.png","name":"684908","width":128,"height":128,"thumbnail":{"url":"np://user.desktop.nicepage.com/Site_915501651/images/thumbnails/684908.png","width":128,"height":128,"length":3369,"type":"png"},"folderId":null,"usages":["87935971"]},{"id":"user-image-aesthetic.jpg","publicUrl":"np://user.desktop.nicepage.com/Site_915501651/images/aesthetic.jpg","size":83466,"hash":"bTlN7iGYzznq5rd9bL4/2sLetXw=","fileName":"aesthetic.jpg","name":"aesthetic","width":800,"height":600,"thumbnail":{"url":"np://user.desktop.nicepage.com/Site_915501651/images/thumbnails/aesthetic.jpg","width":250,"height":188},"folderId":null,"usages":["87935971"]},{"id":"user-image-Snag_339ff14_upscayl_3x_ultrasharp.webp","publicUrl":"np://user.desktop.nicepage.com/Site_915501651/images/Snag_339ff14_upscayl_3x_ultrasharp.webp","size":2991372,"hash":"tpF74DZUAutZ7/No3Ahp/pHlABk=","fileName":"Snag_339ff14_upscayl_3x_ultrasharp.webp","name":"Snag_339ff14_upscayl_3x_ultrasharp","width":1671,"height":1698,"thumbnail":{"url":"np://user.desktop.nicepage.com/Site_915501651/images/thumbnails/Snag_339ff14_upscayl_3x_ultrasharp.webp","width":246,"height":250},"folderId":null,"usages":["87935971"]},{"id":"user-image-kantor.jpg","publicUrl":"np://user.desktop.nicepage.com/Site_915501651/images/kantor.jpg","size":1090291,"hash":"GkRM4cUzOGeZaKSSYrAWH3Cy+yU=","fileName":"kantor.jpg","name":"kantor","width":4000,"height":2252,"thumbnail":{"url":"np://user.desktop.nicepage.com/Site_915501651/images/thumbnails/kantor.jpg","width":250,"height":141},"folderId":null,"usages":["87935971"]},{"id":"user-image-tokolampu_upscayl_2x_ultrasharp.webp","publicUrl":"np://user.desktop.nicepage.com/Site_915501651/images/tokolampu_upscayl_2x_ultrasharp.webp","size":1714534,"hash":"wYhVsRcp9CKSBjn0GFyBaw3kHxY=","fileName":"tokolampu_upscayl_2x_ultrasharp.webp","name":"tokolampu_upscayl_2x_ultrasharp","width":1140,"height":1508,"thumbnail":{"url":"np://user.desktop.nicepage.com/Site_915501651/images/thumbnails/tokolampu_upscayl_2x_ultrasharp.webp","width":189,"height":250},"folderId":null,"usages":["87935971"]},{"id":"user-image-Snag_3300250_upscayl_2x_ultrasharp.webp","publicUrl":"np://user.desktop.nicepage.com/Site_915501651/images/Snag_3300250_upscayl_2x_ultrasharp.webp","size":529372,"hash":"0dtdjv7cWFwtCEPOgr4B6IsmFas=","fileName":"Snag_3300250_upscayl_2x_ultrasharp.webp","name":"Snag_3300250_upscayl_2x_ultrasharp","width":732,"height":738,"thumbnail":{"url":"np://user.desktop.nicepage.com/Site_915501651/images/thumbnails/Snag_3300250_upscayl_2x_ultrasharp.webp","width":248,"height":250},"folderId":null,"usages":["87935971"]},{"id":"user-image-VOIDLAMP.jpg","publicUrl":"np://user.desktop.nicepage.com/Site_915501651/images/VOIDLAMP.jpg","size":64397,"hash":"a2xXwoNVWbj0ZGGveKKNyuVJ52E=","fileName":"VOIDLAMP.jpg","name":"VOIDLAMP","width":538,"height":610,"thumbnail":{"url":"np://user.desktop.nicepage.com/Site_915501651/images/thumbnails/VOIDLAMP.jpg","width":220,"height":250},"folderId":null,"usages":["87935971"]},{"id":"user-image-Snag_32bd846_upscayl_2x_ultrasharp.webp","publicUrl":"np://user.desktop.nicepage.com/Site_915501651/images/Snag_32bd846_upscayl_2x_ultrasharp.webp","size":387948,"hash":"NllhTmhPebykxaW9MGADtG8ngk0=","fileName":"Snag_32bd846_upscayl_2x_ultrasharp.webp","name":"Snag_32bd846_upscayl_2x_ultrasharp","width":740,"height":740,"thumbnail":{"url":"np://user.desktop.nicepage.com/Site_915501651/images/thumbnails/Snag_32bd846_upscayl_2x_ultrasharp.webp","width":250,"height":250},"folderId":null,"usages":["87935971"]},{"id":"user-image-trunk.jpg","publicUrl":"np://user.desktop.nicepage.com/Site_915501651/images/trunk.jpg","size":78026,"hash":"c86cVwL/4f+Obe0TvnqFX1oeMXg=","fileName":"trunk.jpg","name":"trunk","width":707,"height":563,"thumbnail":{"url":"np://user.desktop.nicepage.com/Site_915501651/images/thumbnails/trunk.jpg","width":250,"height":199},"folderId":null,"usages":["87935971"]},{"id":"user-image-sofaleatique.webp","publicUrl":"np://user.desktop.nicepage.com/Site_915501651/images/sofaleatique.webp","size":908074,"hash":"zlViciC3gDsiVnHk1pJ4/G+JcLU=","fileName":"sofaleatique.webp","name":"sofaleatique","width":1078,"height":1072,"thumbnail":{"url":"np://user.desktop.nicepage.com/Site_915501651/images/thumbnails/sofaleatique.webp","width":250,"height":249},"folderId":null,"usages":["87935971"]},{"id":"user-image-Snag_320d657_upscayl_2x_ultrasharp.webp","publicUrl":"np://user.desktop.nicepage.com/Site_915501651/images/Snag_320d657_upscayl_2x_ultrasharp.webp","size":1566936,"hash":"IoWfNiQs6zilWmOq/3R7EOW+6XE=","fileName":"Snag_320d657_upscayl_2x_ultrasharp.webp","name":"Snag_320d657_upscayl_2x_ultrasharp","width":1338,"height":1110,"thumbnail":{"url":"np://user.desktop.nicepage.com/Site_915501651/images/thumbnails/Snag_320d657_upscayl_2x_ultrasharp.webp","width":250,"height":207},"folderId":null,"usages":["87935971"]},{"id":"user-image-CLOSETGOLD_upscayl_2x_ultrasharp.webp","publicUrl":"np://user.desktop.nicepage.com/Site_915501651/images/CLOSETGOLD_upscayl_2x_ultrasharp.webp","size":1143476,"hash":"NA6mV3pOb0yyaJAvsdKbeCf4Vz4=","fileName":"CLOSETGOLD_upscayl_2x_ultrasharp.webp","name":"CLOSETGOLD_upscayl_2x_ultrasharp","width":1072,"height":888,"thumbnail":{"url":"np://user.desktop.nicepage.com/Site_915501651/images/thumbnails/CLOSETGOLD_upscayl_2x_ultrasharp.webp","width":250,"height":207},"folderId":null,"usages":["87935971"]},{"id":"user-image-RJ4M20240724160506_upscayl_2x_ultrasharp.webp","publicUrl":"np://user.desktop.nicepage.com/Site_915501651/images/RJ4M20240724160506_upscayl_2x_ultrasharp.webp","size":688784,"hash":"qKpV1phRTXRelQqXT4aLgbIq0nA=","fileName":"RJ4M20240724160506_upscayl_2x_ultrasharp.webp","name":"RJ4M20240724160506_upscayl_2x_ultrasharp","width":1000,"height":1000,"thumbnail":{"url":"np://user.desktop.nicepage.com/Site_915501651/images/thumbnails/RJ4M20240724160506_upscayl_2x_ultrasharp.webp","width":250,"height":250},"folderId":null,"usages":["816127537"]},{"id":"user-image-7XA620240814124932.webp","publicUrl":"np://user.desktop.nicepage.com/Site_915501651/images/7XA620240814124932.webp","size":282379,"hash":"soVvZ4KPXlKbAiu20cJKEk1W6hQ=","fileName":"7XA620240814124932.webp","name":"7XA620240814124932","width":1159,"height":1280,"thumbnail":{"url":"np://user.desktop.nicepage.com/Site_915501651/images/thumbnails/7XA620240814124932.webp","width":226,"height":250},"folderId":null,"usages":["816127537","87935971"]},{"id":"user-image-LAMPUHIAS_upscayl_2x_ultrasharp.webp","publicUrl":"np://user.desktop.nicepage.com/Site_915501651/images/LAMPUHIAS_upscayl_2x_ultrasharp.webp","size":371004,"hash":"U6fCflLnJMgjXUtDXFnpfOKTCkk=","fileName":"LAMPUHIAS_upscayl_2x_ultrasharp.webp","name":"LAMPUHIAS_upscayl_2x_ultrasharp","width":750,"height":750,"thumbnail":{"url":"np://user.desktop.nicepage.com/Site_915501651/images/thumbnails/LAMPUHIAS_upscayl_2x_ultrasharp.webp","width":250,"height":250},"folderId":null,"usages":["816127537"]},{"id":"user-image-LAMPAJAH_upscayl_3x_ultrasharp.webp","publicUrl":"np://user.desktop.nicepage.com/Site_915501651/images/LAMPAJAH_upscayl_3x_ultrasharp.webp","size":1077960,"hash":"SeiK9imWr8c0VsxAwhnv1i9kdTk=","fileName":"LAMPAJAH_upscayl_3x_ultrasharp.webp","name":"LAMPAJAH_upscayl_3x_ultrasharp","width":1125,"height":1125,"thumbnail":{"url":"np://user.desktop.nicepage.com/Site_915501651/images/thumbnails/LAMPAJAH_upscayl_3x_ultrasharp.webp","width":250,"height":250},"folderId":null,"usages":["816127537"]},{"id":"user-image-kantorleatiquedigitalindonesia.jpg","publicUrl":"np://user.desktop.nicepage.com/Site_915501651/images/kantorleatiquedigitalindonesia.jpg","size":1622695,"hash":"azCMBQpO6gsHAEpveSPSbOxu6XM=","fileName":"kantorleatiquedigitalindonesia.jpg","name":"kantorleatiquedigitalindonesia","width":2252,"height":4000,"thumbnail":{"url":"np://user.desktop.nicepage.com/Site_915501651/images/thumbnails/kantorleatiquedigitalindonesia.jpg","width":141,"height":250},"folderId":null,"usages":["816127537"]},{"id":"user-image-bannerweb_upscayl_2x_realesrgan-x4plus.webp","publicUrl":"np://user.desktop.nicepage.com/Site_915501651/images/bannerweb_upscayl_2x_realesrgan-x4plus.webp","size":3501848,"hash":"SlgQ7dwsDWaMM3MQzlEtoj1upGw=","fileName":"bannerweb_upscayl_2x_realesrgan-x4plus.webp","name":"bannerweb_upscayl_2x_realesrgan-x4plus","width":3806,"height":1320,"thumbnail":{"url":"np://user.desktop.nicepage.com/Site_915501651/images/thumbnails/bannerweb_upscayl_2x_realesrgan-x4plus.webp","width":250,"height":87},"folderId":null,"usages":["816127537"]},{"id":"user-image-voidlampnew.jpg","publicUrl":"np://user.desktop.nicepage.com/Site_915501651/images/voidlampnew.jpg","size":105336,"hash":"cGPHRvojVWTU5viuZiolVdiIIdY=","fileName":"voidlampnew.jpg","name":"voidlampnew","width":746,"height":1048,"thumbnail":{"url":"np://user.desktop.nicepage.com/Site_915501651/images/thumbnails/voidlampnew.jpg","width":178,"height":250},"folderId":null,"usages":["816127537"]},{"id":"user-image-circusstablelamp.jpg","publicUrl":"np://user.desktop.nicepage.com/Site_915501651/images/circusstablelamp.jpg","size":87752,"hash":"2tx+RL3nG7AANMeNYDgxDT5Ygos=","fileName":"circusstablelamp.jpg","name":"circusstablelamp","width":698,"height":876,"thumbnail":{"url":"np://user.desktop.nicepage.com/Site_915501651/images/thumbnails/circusstablelamp.jpg","width":199,"height":250},"folderId":null,"usages":["816127537"]},{"id":"user-image-logoleatiquehijaunew.png","publicUrl":"np://user.desktop.nicepage.com/Site_915501651/images/logoleatiquehijaunew.png","size":8620,"hash":"zHrYiataZiW6Qua/CFecHAFQY9g=","fileName":"logoleatiquehijaunew.png","name":"logoleatiquehijaunew","width":435,"height":219,"thumbnail":{"url":"np://user.desktop.nicepage.com/Site_915501651/images/thumbnails/logoleatiquehijaunew.png","width":250,"height":126},"folderId":null,"usages":["87935971","59017511"]},{"id":"user-image-5201613.png","publicUrl":"np://user.desktop.nicepage.com/Site_915501651/images/5201613.png","size":2469,"hash":"8cc9v+wwQzA0M0ECkwJ1ZMihpHA=","fileName":"5201613.png","name":"5201613","width":128,"height":128,"thumbnail":{"url":"np://user.desktop.nicepage.com/Site_915501651/images/thumbnails/5201613.png","width":128,"height":128,"length":2469,"type":"png"},"folderId":null,"originalUrl":"https://assets.nicepagecdn.com/d2cc3eaa/16689/images/5201613.png","usages":["816127537"]},{"id":"user-image-686317.png","publicUrl":"np://user.desktop.nicepage.com/Site_915501651/images/686317.png","size":3526,"hash":"cuuDXrUBa/FOvdRAsqlhQqrdx84=","fileName":"686317.png","name":"686317","width":128,"height":128,"thumbnail":{"url":"np://user.desktop.nicepage.com/Site_915501651/images/thumbnails/686317.png","width":128,"height":128,"length":3526,"type":"png"},"folderId":null,"originalUrl":"https://assets.nicepagecdn.com/d2cc3eaa/16689/images/686317.png","usages":["816127537"]},{"id":"user-image-dsddd-min.jpg","publicUrl":"np://user.desktop.nicepage.com/Site_915501651/images/dsddd-min.jpg","size":97219,"hash":"hZREeS9dyZuJ2+FYtaJdecnMDM8=","fileName":"dsddd-min.jpg","name":"dsddd-min","width":1700,"height":807,"thumbnail":{"url":"np://user.desktop.nicepage.com/Site_915501651/images/thumbnails/dsddd-min.jpg","width":250,"height":119},"folderId":null,"originalUrl":"//images01.nicepagecdn.com/c461c07a441a5d220e8feb1a/a9e50014d3805fac966b8594/dsddd-min.jpg?version=","usages":["816127537"]},{"id":"user-image-FVG.jpg","publicUrl":"np://user.desktop.nicepage.com/Site_915501651/images/FVG.jpg","size":131386,"hash":"e1VSunY0tDa2O52mB8OU/2YrAsQ=","fileName":"FVG.jpg","name":"FVG","width":800,"height":962,"thumbnail":{"url":"np://user.desktop.nicepage.com/Site_915501651/images/thumbnails/FVG.jpg","width":208,"height":250},"folderId":null,"originalUrl":"//images03.nicepagecdn.com/c461c07a441a5d220e8feb1a/711c9a5863ab5ea596ec569a/FVG.jpg","usages":["816127537"]},{"id":"user-image-fgfgfg.jpg","publicUrl":"np://user.desktop.nicepage.com/Site_915501651/images/fgfgfg.jpg","size":77491,"hash":"xWjAoZCENZScsj7iKEtIqb6mFIc=","fileName":"fgfgfg.jpg","name":"fgfgfg","width":1920,"height":1080,"thumbnail":{"url":"np://user.desktop.nicepage.com/Site_915501651/images/thumbnails/fgfgfg.jpg","width":250,"height":141},"folderId":null,"originalUrl":"//images01.nicepagecdn.com/c461c07a441a5d220e8feb1a/7885e8b1e57c5a87b4012516/fgfgfg.jpg","usages":["816127537"]},{"id":"user-image-sdc.jpg","publicUrl":"np://user.desktop.nicepage.com/Site_915501651/images/sdc.jpg","size":204205,"hash":"+3ffMNc67s8GvmZbKsrdOHBHUzk=","fileName":"sdc.jpg","name":"sdc","width":900,"height":1008,"thumbnail":{"url":"np://user.desktop.nicepage.com/Site_915501651/images/thumbnails/sdc.jpg","width":223,"height":250},"folderId":null,"originalUrl":"//images03.nicepagecdn.com/c461c07a441a5d220e8feb1a/e3599190f45a5bf39e2518e8/sdc.jpg","usages":["816127537"]},{"id":"user-image-painting-hanging-shelf-full-cacti-succulents_53876-110301.jpg","publicUrl":"np://user.desktop.nicepage.com/Site_915501651/images/painting-hanging-shelf-full-cacti-succulents_53876-110301.jpg","size":58291,"hash":"zLz0El8OkIqHsIR6yIokEP+yy0s=","fileName":"painting-hanging-shelf-full-cacti-succulents_53876-110301.jpg","name":"painting-hanging-shelf-full-cacti-succulents_53876-110301","width":418,"height":626,"thumbnail":{"url":"np://user.desktop.nicepage.com/Site_915501651/images/thumbnails/painting-hanging-shelf-full-cacti-succulents_53876-110301.jpg","width":167,"height":250},"folderId":null,"originalUrl":"//images01.nicepagecdn.com/c461c07a441a5d220e8feb1a/c9525865650d5c1cb533cd22/painting-hanging-shelf-full-cacti-succulents_53876-110301.jpg","usages":["816127537"]},{"id":"user-image-stylish-scandinavian-living-room-with-design-mint-sofa-furnitures-mock-up-poster-map-plants-eleg444.jpg","publicUrl":"np://user.desktop.nicepage.com/Site_915501651/images/stylish-scandinavian-living-room-with-design-mint-sofa-furnitures-mock-up-poster-map-plants-eleg444.jpg","size":615900,"hash":"XAJ45dhlKIK8bS6SPuTvS4reqDg=","fileName":"stylish-scandinavian-living-room-with-design-mint-sofa-furnitures-mock-up-poster-map-plants-eleg444.jpg","name":"stylish-scandinavian-living-room-with-design-mint-sofa-furnitures-mock-up-poster-map-plants-eleg444","width":2180,"height":1090,"thumbnail":{"url":"np://user.desktop.nicepage.com/Site_915501651/images/thumbnails/stylish-scandinavian-living-room-with-design-mint-sofa-furnitures-mock-up-poster-map-plants-eleg444.jpg","width":250,"height":125},"folderId":null,"originalUrl":"https://assets.nicepagecdn.com/d2cc3eaa/16689/images/stylish-scandinavian-living-room-with-design-mint-sofa-furnitures-mock-up-poster-map-plants-eleg444.jpg","usages":["87935971"]},{"id":"user-image-texture-min.png","publicUrl":"np://user.desktop.nicepage.com/Site_915501651/images/texture-min.png","size":1003,"hash":"ZkAUCzMRAEUcYlEXK6SZenAIymY=","fileName":"texture-min.png","name":"texture-min","width":100,"height":60,"thumbnail":{"url":"np://user.desktop.nicepage.com/Site_915501651/images/thumbnails/texture-min.png","width":100,"height":60,"length":1003,"type":"png"},"folderId":null,"originalUrl":"//images03.nicepagecdn.com/c461c07a441a5d220e8feb1a/f82f15087c19565f99555fe5/texture-min.png","usages":["87935971"]},{"id":"user-image-gggg.jpg","publicUrl":"np://user.desktop.nicepage.com/Site_915501651/images/gggg.jpg","size":161138,"hash":"ppSokckSIyx4PeCsAnNJeCeSeII=","fileName":"gggg.jpg","name":"gggg","width":900,"height":900,"thumbnail":{"url":"np://user.desktop.nicepage.com/Site_915501651/images/thumbnails/gggg.jpg","width":250,"height":250},"folderId":null,"originalUrl":"//images01.nicepagecdn.com/c461c07a441a5d220e8feb1a/73196f530b0d5473be31e0b9/gggg.jpg","usages":["87935971"]}]