[{"id":326008929,"title":"Blog Template","order":1,"templateKey":"blog","customTemplate":false,"customTemplateFilename":null,"pageLinks":[],"dateCreated":"2024-09-11T13:48:00.688Z","dateUpdated":"2024-09-11T13:48:02.516Z","folderId":null,"pageName":"Blog Template","serverPageId":null,"sectionCount":1,"status":2,"backwardUrl":null},{"id":2300504036,"title":"Post Template","order":2,"templateKey":"post","customTemplate":false,"customTemplateFilename":null,"pageLinks":[],"dateCreated":"2024-09-11T13:48:00.806Z","dateUpdated":"2024-09-11T13:48:02.516Z","folderId":null,"pageName":"Post Template","serverPageId":null,"sectionCount":1,"status":2,"backwardUrl":null},{"id":297766367,"title":"Product List Template","order":3,"templateKey":"products","customTemplate":false,"customTemplateFilename":null,"pageLinks":[],"dateCreated":"2024-09-11T13:48:00.939Z","dateUpdated":"2024-09-11T13:48:02.516Z","folderId":null,"pageName":"Product List Template","serverPageId":null,"sectionCount":1,"status":2,"backwardUrl":null},{"id":1955313708,"title":"Product Details Template","order":4,"templateKey":"product","customTemplate":false,"customTemplateFilename":null,"pageLinks":[],"dateCreated":"2024-09-11T13:48:01.121Z","dateUpdated":"2024-09-11T13:48:02.516Z","folderId":null,"pageName":"Product Details Template","serverPageId":null,"sectionCount":1,"status":2,"backwardUrl":null},{"id":151208279,"title":"Shopping Cart Template","order":5,"templateKey":"cart","customTemplate":false,"customTemplateFilename":null,"pageLinks":[],"dateCreated":"2024-09-11T13:48:01.239Z","dateUpdated":"2024-09-11T13:48:02.516Z","folderId":null,"pageName":"Shopping Cart Template","serverPageId":null,"sectionCount":1,"status":2,"backwardUrl":null},{"id":276833038,"title":"Checkout Template","order":6,"templateKey":"checkout","customTemplate":false,"customTemplateFilename":null,"pageLinks":[],"dateCreated":"2024-09-11T13:48:01.416Z","dateUpdated":"2024-09-11T13:48:02.516Z","folderId":null,"pageName":"Checkout Template","serverPageId":null,"sectionCount":1,"status":2,"backwardUrl":null},{"id":58570015,"title":"Login Template","order":7,"templateKey":"login","customTemplate":false,"customTemplateFilename":null,"pageLinks":[],"dateCreated":"2024-09-11T13:48:01.514Z","dateUpdated":"2024-09-11T13:48:02.516Z","folderId":null,"pageName":"Login Template","serverPageId":null,"sectionCount":1,"status":2,"backwardUrl":null},{"id":895204283,"title":"Search Page Template","order":8,"templateKey":"Search","customTemplate":false,"customTemplateFilename":null,"pageLinks":["6","5","4"],"dateCreated":"2024-09-21T05:46:18.044Z","dateUpdated":"2024-09-21T05:46:18.132Z","folderId":null,"pageName":"Search Page Template","serverPageId":null,"sectionCount":1,"status":2,"backwardUrl":null},{"id":40806777,"title":"Page Password Template","order":9,"templateKey":"password","customTemplate":false,"customTemplateFilename":null,"pageLinks":[],"dateCreated":"2024-09-11T13:48:01.583Z","dateUpdated":"2024-09-11T13:48:02.516Z","folderId":null,"pageName":"Page Password Template","serverPageId":null,"sectionCount":1,"status":2,"backwardUrl":null},{"id":30268444,"title":"404 Not Found Template","order":10,"templateKey":"404","customTemplate":false,"customTemplateFilename":null,"pageLinks":[],"dateCreated":"2024-09-11T13:48:01.649Z","dateUpdated":"2024-09-11T13:48:02.517Z","folderId":null,"pageName":"404 Not Found Template","serverPageId":null,"sectionCount":1,"status":2,"backwardUrl":null},{"id":58371017,"title":"Thank You Page Template","order":11,"templateKey":"ThankYou","customTemplate":false,"customTemplateFilename":null,"pageLinks":[],"dateCreated":"2024-09-11T13:48:01.699Z","dateUpdated":"2024-09-11T13:48:02.517Z","folderId":null,"pageName":"Thank You Page Template","serverPageId":null,"sectionCount":1,"status":2,"backwardUrl":null},{"id":87935971,"title":"lp1","order":11,"templateKey":null,"customTemplate":false,"customTemplateFilename":null,"pageLinks":[],"dateCreated":"2024-09-11T13:49:14.750Z","dateUpdated":"2024-09-13T19:53:19.315Z","folderId":null,"pageName":"lp1_87935971","serverPageId":null,"sectionCount":8,"status":2,"backwardUrl":null},{"id":816127537,"title":"lp2","order":13,"templateKey":null,"customTemplate":false,"customTemplateFilename":null,"pageLinks":[],"dateCreated":"2024-09-11T13:49:19.554Z","dateUpdated":"2024-09-13T19:51:26.634Z","folderId":null,"pageName":"lp2_816127537","serverPageId":null,"sectionCount":8,"status":2,"backwardUrl":null},{"id":59017511,"title":"fireplace","order":14,"templateKey":null,"customTemplate":false,"customTemplateFilename":null,"pageLinks":[],"dateCreated":"2024-09-14T16:04:14.096Z","dateUpdated":"2024-09-14T18:33:53.560Z","folderId":null,"pageName":"fireplace_59017511","serverPageId":null,"sectionCount":10,"status":2,"backwardUrl":null}]