[{"id":"user-image-3.png","publicUrl":"np://user.desktop.nicepage.com/Site_45115176/images/3.png","size":3456875,"hash":"a7WgNcfbSdaVmvTDWeMLx9Ds34o=","fileName":"3.png","name":"3","width":1628,"height":1602,"thumbnail":{"url":"np://user.desktop.nicepage.com/Site_45115176/images/thumbnails/3.png","width":250,"height":246},"folderId":null,"usages":["70442955"]},{"id":"user-image-2.png","publicUrl":"np://user.desktop.nicepage.com/Site_45115176/images/2.png","size":2864561,"hash":"GgakFk6ZHcUYK8G78oQTHWHJn14=","fileName":"2.png","name":"2","width":1514,"height":1316,"thumbnail":{"url":"np://user.desktop.nicepage.com/Site_45115176/images/thumbnails/2.png","width":250,"height":217},"folderId":null,"usages":["70442955"]},{"id":"user-image-4.png","publicUrl":"np://user.desktop.nicepage.com/Site_45115176/images/4.png","size":3474275,"hash":"/tdSShSWatlkOt3NkFrWyRZri+0=","fileName":"4.png","name":"4","width":1618,"height":1652,"thumbnail":{"url":"np://user.desktop.nicepage.com/Site_45115176/images/thumbnails/4.png","width":245,"height":250},"folderId":null,"usages":["70442955"]},{"id":"user-image-JAMFIX_upscayl_4x_realesrgan-x4plus.jpg","publicUrl":"np://user.desktop.nicepage.com/Site_45115176/images/JAMFIX_upscayl_4x_realesrgan-x4plus.jpg","size":969434,"hash":"bL9Jq0l4btS26uccH2jvKu4wTOc=","fileName":"JAMFIX_upscayl_4x_realesrgan-x4plus.jpg","name":"JAMFIX_upscayl_4x_realesrgan-x4plus","width":1920,"height":1920,"thumbnail":{"url":"np://user.desktop.nicepage.com/Site_45115176/images/thumbnails/JAMFIX_upscayl_4x_realesrgan-x4plus.jpg","width":250,"height":250},"usages":["75407911"]},{"id":"user-image-TERAZZO.jpg","publicUrl":"np://user.desktop.nicepage.com/Site_45115176/images/TERAZZO.jpg","size":40777,"hash":"XsphcDrIhLV/W8J1GSKVBHMrPqY=","fileName":"TERAZZO.jpg","name":"TERAZZO","width":532,"height":510,"thumbnail":{"url":"np://user.desktop.nicepage.com/Site_45115176/images/thumbnails/TERAZZO.jpg","width":250,"height":240},"usages":["75407911"]},{"id":"user-image-liliane.png","publicUrl":"np://user.desktop.nicepage.com/Site_45115176/images/liliane.png","size":3480130,"hash":"RpsAGf0aLnqkGjI1bkFVAWjCK34=","fileName":"liliane.png","name":"liliane","width":1888,"height":1920,"thumbnail":{"url":"np://user.desktop.nicepage.com/Site_45115176/images/thumbnails/liliane.png","width":246,"height":250},"usages":["75407911"]},{"id":"user-image-Marracas.png","publicUrl":"np://user.desktop.nicepage.com/Site_45115176/images/Marracas.png","size":3205854,"hash":"nRk/rXIirulIA7NgB4vF+OGykpQ=","fileName":"Marracas.png","name":"Marracas","width":1592,"height":1596,"thumbnail":{"url":"np://user.desktop.nicepage.com/Site_45115176/images/thumbnails/Marracas.png","width":249,"height":250},"usages":["75407911"]},{"id":"user-image-Floweretti.png","publicUrl":"np://user.desktop.nicepage.com/Site_45115176/images/Floweretti.png","size":3291724,"hash":"Dznz+rsFOWDBVz1Dr9gg+wCWrHw=","fileName":"Floweretti.png","name":"Floweretti","width":1608,"height":1632,"thumbnail":{"url":"np://user.desktop.nicepage.com/Site_45115176/images/thumbnails/Floweretti.png","width":246,"height":250},"usages":["75407911"]},{"id":"user-image-Snag_1d1fa96_upscayl_4x_realesrgan-x4plus.jpg.png","publicUrl":"np://user.desktop.nicepage.com/Site_45115176/images/Snag_1d1fa96_upscayl_4x_realesrgan-x4plus.jpg.png","size":2874327,"hash":"L8480zPT1Yuv09ORDsy4+ewnju0=","fileName":"Snag_1d1fa96_upscayl_4x_realesrgan-x4plus.jpg.png","name":"Snag_1d1fa96_upscayl_4x_realesrgan-x4plus.jpg","width":1612,"height":1616,"thumbnail":{"url":"np://user.desktop.nicepage.com/Site_45115176/images/thumbnails/Snag_1d1fa96_upscayl_4x_realesrgan-x4plus.jpg.png","width":249,"height":250},"usages":["75407911"]},{"id":"user-image-MAISA_upscayl_4x_realesrgan-x4plus.jpg","publicUrl":"np://user.desktop.nicepage.com/Site_45115176/images/MAISA_upscayl_4x_realesrgan-x4plus.jpg","size":832358,"hash":"ZymAUz7OGnwonxWFn9xZEtz8PtE=","fileName":"MAISA_upscayl_4x_realesrgan-x4plus.jpg","name":"MAISA_upscayl_4x_realesrgan-x4plus","width":1620,"height":1636,"thumbnail":{"url":"np://user.desktop.nicepage.com/Site_45115176/images/thumbnails/MAISA_upscayl_4x_realesrgan-x4plus.jpg","width":248,"height":250},"usages":["75407911"]},{"id":"user-image-noblu.jpg","publicUrl":"np://user.desktop.nicepage.com/Site_45115176/images/noblu.jpg","size":24907,"hash":"8BkaAWZnIeleU2K4n7hqkvbI0xQ=","fileName":"noblu.jpg","name":"noblu","width":549,"height":545,"thumbnail":{"url":"np://user.desktop.nicepage.com/Site_45115176/images/thumbnails/noblu.jpg","width":250,"height":248},"usages":["82595830"]},{"id":"user-image-TATAMI.jpg","publicUrl":"np://user.desktop.nicepage.com/Site_45115176/images/TATAMI.jpg","size":27075,"hash":"bExeO7ZFB+8YK1pT8idVX9J1La4=","fileName":"TATAMI.jpg","name":"TATAMI","width":407,"height":406,"thumbnail":{"url":"np://user.desktop.nicepage.com/Site_45115176/images/thumbnails/TATAMI.jpg","width":250,"height":249},"usages":["82595830"]},{"id":"user-image-sunne.jpg","publicUrl":"np://user.desktop.nicepage.com/Site_45115176/images/sunne.jpg","size":24218,"hash":"X/YWTjEPc7kI4GMnYfo2p4OXOkY=","fileName":"sunne.jpg","name":"sunne","width":408,"height":414,"thumbnail":{"url":"np://user.desktop.nicepage.com/Site_45115176/images/thumbnails/sunne.jpg","width":246,"height":250},"usages":["82595830"]},{"id":"user-image-NEOLIGHT.jpg","publicUrl":"np://user.desktop.nicepage.com/Site_45115176/images/NEOLIGHT.jpg","size":15355,"hash":"CcCV0aaSICL+3MGB24Cj2gyOiX4=","fileName":"NEOLIGHT.jpg","name":"NEOLIGHT","width":405,"height":433,"thumbnail":{"url":"np://user.desktop.nicepage.com/Site_45115176/images/thumbnails/NEOLIGHT.jpg","width":234,"height":250},"usages":["82595830"]},{"id":"user-image-TISHA.jpg","publicUrl":"np://user.desktop.nicepage.com/Site_45115176/images/TISHA.jpg","size":18281,"hash":"oKFhKamdjaAWDKUzcCWFecwwkLQ=","fileName":"TISHA.jpg","name":"TISHA","width":330,"height":305,"thumbnail":{"url":"np://user.desktop.nicepage.com/Site_45115176/images/thumbnails/TISHA.jpg","width":250,"height":231},"usages":["82595830"]},{"id":"user-image-leona.jpg","publicUrl":"np://user.desktop.nicepage.com/Site_45115176/images/leona.jpg","size":23600,"hash":"yr3t5N+76lGySu4Rj132Y/8WbSs=","fileName":"leona.jpg","name":"leona","width":407,"height":410,"thumbnail":{"url":"np://user.desktop.nicepage.com/Site_45115176/images/thumbnails/leona.jpg","width":248,"height":250},"usages":["82595830"]},{"id":"user-image-minimalis1.jpg","publicUrl":"np://user.desktop.nicepage.com/Site_45115176/images/minimalis1.jpg","size":21886,"hash":"0cVXASP+FzQE8XKvaKrZPJeU/7I=","fileName":"minimalis1.jpg","name":"minimalis1","width":404,"height":398,"thumbnail":{"url":"np://user.desktop.nicepage.com/Site_45115176/images/thumbnails/minimalis1.jpg","width":250,"height":246},"usages":["82595830"]},{"id":"user-image-15.jpg","publicUrl":"np://user.desktop.nicepage.com/Site_45115176/images/15.jpg","size":149601,"hash":"FgCk8cFovyXPwJ1qrCK8CqfguJg=","fileName":"15.jpg","name":"15","width":1080,"height":1350,"thumbnail":{"url":"np://user.desktop.nicepage.com/Site_45115176/images/thumbnails/15.jpg","width":200,"height":250},"usages":["58296513"]},{"id":"user-image-5.jpg","publicUrl":"np://user.desktop.nicepage.com/Site_45115176/images/5.jpg","size":145940,"hash":"FnQz7mVVRjHmMP3werL9SF9VY1M=","fileName":"5.jpg","name":"5","width":993,"height":1242,"thumbnail":{"url":"np://user.desktop.nicepage.com/Site_45115176/images/thumbnails/5.jpg","width":200,"height":250},"usages":["58296513"]},{"id":"user-image-Sashenka.jpg","publicUrl":"np://user.desktop.nicepage.com/Site_45115176/images/Sashenka.jpg","size":28906,"hash":"flruIrxm387H0czZfC8z36sdWYA=","fileName":"Sashenka.jpg","name":"Sashenka","width":398,"height":405,"thumbnail":{"url":"np://user.desktop.nicepage.com/Site_45115176/images/thumbnails/Sashenka.jpg","width":246,"height":250},"usages":["58296513"]},{"id":"user-image-lampuburung.jpg","publicUrl":"np://user.desktop.nicepage.com/Site_45115176/images/lampuburung.jpg","size":28354,"hash":"MRpD9FUvUEPgG/YxEpQQKlX7IjY=","fileName":"lampuburung.jpg","name":"lampuburung","width":408,"height":409,"thumbnail":{"url":"np://user.desktop.nicepage.com/Site_45115176/images/thumbnails/lampuburung.jpg","width":249,"height":250},"usages":["58296513"]},{"id":"user-image-marwa.jpg","publicUrl":"np://user.desktop.nicepage.com/Site_45115176/images/marwa.jpg","size":15275,"hash":"FPVUHn/tzUvNYWGAHMOiDRKAmoY=","fileName":"marwa.jpg","name":"marwa","width":384,"height":406,"thumbnail":{"url":"np://user.desktop.nicepage.com/Site_45115176/images/thumbnails/marwa.jpg","width":236,"height":250},"usages":["58296513"]},{"id":"user-image-MEJAROBOT.jpg","publicUrl":"np://user.desktop.nicepage.com/Site_45115176/images/MEJAROBOT.jpg","size":61953,"hash":"cfaddQ29Eir9SVdDs1SMmcn+Ldw=","fileName":"MEJAROBOT.jpg","name":"MEJAROBOT","width":814,"height":829,"thumbnail":{"url":"np://user.desktop.nicepage.com/Site_45115176/images/thumbnails/MEJAROBOT.jpg","width":245,"height":250},"usages":["58296513"]},{"id":"user-image-GARFILE.webp","publicUrl":"np://user.desktop.nicepage.com/Site_45115176/images/GARFILE.webp","size":160290,"hash":"R3BsH5Nj3Md/w+SbRiDrQ5qnWWk=","fileName":"GARFILE.webp","name":"GARFILE","width":800,"height":800,"thumbnail":{"url":"np://user.desktop.nicepage.com/Site_45115176/images/thumbnails/GARFILE.webp","width":250,"height":250},"usages":["58296513"]},{"id":"user-image-SAKA.jpg","publicUrl":"np://user.desktop.nicepage.com/Site_45115176/images/SAKA.jpg","size":40142,"hash":"j/uEQBH6MAoTUc+fGHAXDqWCYlw=","fileName":"SAKA.jpg","name":"SAKA","width":408,"height":406,"thumbnail":{"url":"np://user.desktop.nicepage.com/Site_45115176/images/thumbnails/SAKA.jpg","width":250,"height":249},"usages":["58296513"]},{"id":"user-image-MELISENDA.jpg","publicUrl":"np://user.desktop.nicepage.com/Site_45115176/images/MELISENDA.jpg","size":22263,"hash":"2qzONv6We9Gm/l31QBGTvxBkFT0=","fileName":"MELISENDA.jpg","name":"MELISENDA","width":389,"height":387,"thumbnail":{"url":"np://user.desktop.nicepage.com/Site_45115176/images/thumbnails/MELISENDA.jpg","width":250,"height":249},"usages":["3002916619"]},{"id":"user-image-LAMPUAKAR.jpg","publicUrl":"np://user.desktop.nicepage.com/Site_45115176/images/LAMPUAKAR.jpg","size":40959,"hash":"xGOFIVrK/L+Tr9YaDwXLegdpkvc=","fileName":"LAMPUAKAR.jpg","name":"LAMPUAKAR","width":542,"height":492,"thumbnail":{"url":"np://user.desktop.nicepage.com/Site_45115176/images/thumbnails/LAMPUAKAR.jpg","width":250,"height":227},"usages":["3002916619"]},{"id":"user-image-closetclassicgold.jpg","publicUrl":"np://user.desktop.nicepage.com/Site_45115176/images/closetclassicgold.jpg","size":116321,"hash":"Oh25mUCy3lr8R2Dvo4XkBMvQT3k=","fileName":"closetclassicgold.jpg","name":"closetclassicgold","width":653,"height":748,"thumbnail":{"url":"np://user.desktop.nicepage.com/Site_45115176/images/thumbnails/closetclassicgold.jpg","width":218,"height":250},"usages":["3002916619"]},{"id":"user-image-chandelierajah.jpg","publicUrl":"np://user.desktop.nicepage.com/Site_45115176/images/chandelierajah.jpg","size":78507,"hash":"h+H58LfKlmknT3IBfN0y5ewoeeM=","fileName":"chandelierajah.jpg","name":"chandelierajah","width":542,"height":545,"thumbnail":{"url":"np://user.desktop.nicepage.com/Site_45115176/images/thumbnails/chandelierajah.jpg","width":249,"height":250},"usages":["3002916619"]},{"id":"user-image-AIDAH.jpg","publicUrl":"np://user.desktop.nicepage.com/Site_45115176/images/AIDAH.jpg","size":69322,"hash":"v06M5TDL0hbmQ6FEGfXKQAcX1Jc=","fileName":"AIDAH.jpg","name":"AIDAH","width":542,"height":540,"thumbnail":{"url":"np://user.desktop.nicepage.com/Site_45115176/images/thumbnails/AIDAH.jpg","width":250,"height":249},"usages":["3002916619"]},{"id":"user-image-alexa.jpg","publicUrl":"np://user.desktop.nicepage.com/Site_45115176/images/alexa.jpg","size":101579,"hash":"RixX9PYYh5cMnxkcLm5+W2x/Zuk=","fileName":"alexa.jpg","name":"alexa","width":698,"height":884,"thumbnail":{"url":"np://user.desktop.nicepage.com/Site_45115176/images/thumbnails/alexa.jpg","width":197,"height":250},"usages":["3002916619"]},{"id":"user-image-9c95ff0ffd7e962f8dc3aaac4cfa015eba99cbd2497e5437cf825805ed5612ae95b910f9449980b5b7e53edf7a5b786641df2d607b26fe6180ee6b_1280.jpg","publicUrl":"np://user.desktop.nicepage.com/Site_45115176/images/9c95ff0ffd7e962f8dc3aaac4cfa015eba99cbd2497e5437cf825805ed5612ae95b910f9449980b5b7e53edf7a5b786641df2d607b26fe6180ee6b_1280.jpg","size":449859,"hash":"Vk5NCPFxRQfvsFAOfnavfwRWygM=","fileName":"9c95ff0ffd7e962f8dc3aaac4cfa015eba99cbd2497e5437cf825805ed5612ae95b910f9449980b5b7e53edf7a5b786641df2d607b26fe6180ee6b_1280.jpg","name":"9c95ff0ffd7e962f8dc3aaac4cfa015eba99cbd2497e5437cf825805ed5612ae95b910f9449980b5b7e53edf7a5b786641df2d607b26fe6180ee6b_1280","width":1280,"height":965,"thumbnail":{"url":"np://user.desktop.nicepage.com/Site_45115176/images/thumbnails/9c95ff0ffd7e962f8dc3aaac4cfa015eba99cbd2497e5437cf825805ed5612ae95b910f9449980b5b7e53edf7a5b786641df2d607b26fe6180ee6b_1280.jpg","width":250,"height":188},"usages":["3002916619"]},{"id":"user-image-glowing.jpg","publicUrl":"np://user.desktop.nicepage.com/Site_45115176/images/glowing.jpg","size":37358,"hash":"JjWlPKtejXTmR/WCOooIzM0TqeM=","fileName":"glowing.jpg","name":"glowing","width":538,"height":545,"thumbnail":{"url":"np://user.desktop.nicepage.com/Site_45115176/images/thumbnails/glowing.jpg","width":247,"height":250},"usages":["3002916619"]},{"id":"user-image-4.jpg","publicUrl":"np://user.desktop.nicepage.com/Site_45115176/images/4.jpg","size":215141,"hash":"Gj/y/NgDIQX0qPsLKZnLkptxv28=","fileName":"4.jpg","name":"4","width":1080,"height":1350,"thumbnail":{"url":"np://user.desktop.nicepage.com/Site_45115176/images/thumbnails/4.jpg","width":200,"height":250},"usages":["3002916619","58296513","82595830","75407911","1829521427"]},{"id":"user-image-12.jpg","publicUrl":"np://user.desktop.nicepage.com/Site_45115176/images/12.jpg","size":273608,"hash":"gqUbBpEs6uM1oYAeE01qSTVbY8A=","fileName":"12.jpg","name":"12","width":1080,"height":1350,"thumbnail":{"url":"np://user.desktop.nicepage.com/Site_45115176/images/thumbnails/12.jpg","width":200,"height":250},"usages":["3002916619","82595830","75407911","1829521427"]},{"id":"user-image-6.jpg","publicUrl":"np://user.desktop.nicepage.com/Site_45115176/images/6.jpg","size":145004,"hash":"fTljp0vsm36jJIWSjZLpeHn6Cyc=","fileName":"6.jpg","name":"6","width":1080,"height":1350,"thumbnail":{"url":"np://user.desktop.nicepage.com/Site_45115176/images/thumbnails/6.jpg","width":200,"height":250},"usages":["3002916619","82595830","75407911","1829521427"]},{"id":"user-image-logobelanjadileatique.png","publicUrl":"np://user.desktop.nicepage.com/Site_45115176/images/logobelanjadileatique.png","size":191558,"hash":"Uqk2KNOjG0ZcMnEdPBX78OX82xE=","fileName":"logobelanjadileatique.png","name":"logobelanjadileatique","width":1080,"height":1080,"thumbnail":{"url":"np://user.desktop.nicepage.com/Site_45115176/images/thumbnails/logobelanjadileatique.png","width":250,"height":250},"usages":["3002916619","82595830","75407911","1829521427"]},{"id":"user-image-downpayment.png","publicUrl":"np://user.desktop.nicepage.com/Site_45115176/images/downpayment.png","size":1034047,"hash":"XQ9a0lI504nXsLxyWWUd2Q0tBB0=","fileName":"downpayment.png","name":"downpayment","width":1080,"height":1080,"thumbnail":{"url":"np://user.desktop.nicepage.com/Site_45115176/images/thumbnails/downpayment.png","width":250,"height":250},"usages":["3002916619","82595830","75407911","1829521427"]},{"id":"user-image-jaminanasuransi.png","publicUrl":"np://user.desktop.nicepage.com/Site_45115176/images/jaminanasuransi.png","size":526713,"hash":"U3Y+uwhKgxSk03gBX2Srf6wYj84=","fileName":"jaminanasuransi.png","name":"jaminanasuransi","width":1080,"height":1080,"thumbnail":{"url":"np://user.desktop.nicepage.com/Site_45115176/images/thumbnails/jaminanasuransi.png","width":250,"height":250},"usages":["3002916619","82595830","75407911","1829521427"]},{"id":"user-image-Untitled-14.png","publicUrl":"np://user.desktop.nicepage.com/Site_45115176/images/Untitled-14.png","size":12874,"hash":"hr+gAvVL5uL1WcsBWyGAhu6ECRE=","fileName":"Untitled-14.png","name":"Untitled-14","width":748,"height":223,"thumbnail":{"url":"np://user.desktop.nicepage.com/Site_45115176/images/thumbnails/Untitled-14.png","width":250,"height":75},"originalUrl":"https://assets.nicepagecdn.com/11a8ddce/6192674/images/Untitled-14.png","usages":["70442955","3002916619","58296513","82595830","75407911","1829521427"]},{"id":"user-image-Untitled-12.png","publicUrl":"np://user.desktop.nicepage.com/Site_45115176/images/Untitled-12.png","size":11934,"hash":"+a5DGKN42NtCMRIK9lTy31tNLjE=","fileName":"Untitled-12.png","name":"Untitled-12","width":772,"height":205,"thumbnail":{"url":"np://user.desktop.nicepage.com/Site_45115176/images/thumbnails/Untitled-12.png","width":250,"height":66},"originalUrl":"https://assets.nicepagecdn.com/11a8ddce/6192674/images/Untitled-12.png","usages":["70442955","3002916619","58296513","82595830","75407911","1829521427"]},{"id":"user-image-7878.png","publicUrl":"np://user.desktop.nicepage.com/Site_45115176/images/7878.png","size":22898,"hash":"EcYs6YohBOmCpX3ssArDss27LnE=","fileName":"7878.png","name":"7878","width":759,"height":236,"thumbnail":{"url":"np://user.desktop.nicepage.com/Site_45115176/images/thumbnails/7878.png","width":250,"height":78},"originalUrl":"https://assets.nicepagecdn.com/11a8ddce/6192674/images/7878.png","usages":["70442955","3002916619","58296513","82595830","75407911","1829521427"]},{"id":"user-image-candytransparent.png","publicUrl":"np://user.desktop.nicepage.com/Site_45115176/images/candytransparent.png","size":917430,"hash":"pQz0DpxxvsqQyu7YgTARHRvHkuM=","fileName":"candytransparent.png","name":"candytransparent","width":1080,"height":1080,"thumbnail":{"url":"np://user.desktop.nicepage.com/Site_45115176/images/thumbnails/candytransparent.png","width":250,"height":250},"usages":["70442955","1829521427"]},{"id":"user-image-industrialleatique.jpg","publicUrl":"np://user.desktop.nicepage.com/Site_45115176/images/industrialleatique.jpg","size":156414,"hash":"CJWyF37Cyt14ZqnXQM1Mbvgq1Bk=","fileName":"industrialleatique.jpg","name":"industrialleatique","width":1151,"height":768,"thumbnail":{"url":"np://user.desktop.nicepage.com/Site_45115176/images/thumbnails/industrialleatique.jpg","width":250,"height":167},"usages":["274014044"]},{"id":"user-image-favicon.jpg","publicUrl":"np://user.desktop.nicepage.com/Site_45115176/images/favicon.jpg","size":25472,"hash":"ST0ZlVKWR4NECVX2miwHCBAA1ys=","fileName":"favicon.jpg","name":"favicon","width":500,"height":500,"thumbnail":{"url":"np://user.desktop.nicepage.com/Site_45115176/images/thumbnails/favicon.jpg","width":250,"height":250},"usages":[]},{"id":"user-image-leatiquelogoforgooglemerchant.png","publicUrl":"np://user.desktop.nicepage.com/Site_45115176/images/leatiquelogoforgooglemerchant.png","size":275031,"hash":"hlh+J/14nsqTt+Zjz7imekhwzns=","fileName":"leatiquelogoforgooglemerchant.png","name":"leatiquelogoforgooglemerchant","width":2000,"height":2000,"thumbnail":{"url":"np://user.desktop.nicepage.com/Site_45115176/images/thumbnails/leatiquelogoforgooglemerchant.png","width":250,"height":250},"usages":["3002916619","82595830","75407911","1829521427"]},{"id":"user-image-logoleatiquehijaunew.png","publicUrl":"np://user.desktop.nicepage.com/Site_45115176/images/logoleatiquehijaunew.png","size":8620,"hash":"zHrYiataZiW6Qua/CFecHAFQY9g=","fileName":"logoleatiquehijaunew.png","name":"logoleatiquehijaunew","width":435,"height":219,"thumbnail":{"url":"np://user.desktop.nicepage.com/Site_45115176/images/thumbnails/logoleatiquehijaunew.png","width":250,"height":126},"usages":["3002916619","58296513","82595830","75407911","1829521427"]},{"id":"user-image-aesthetic.jpg","publicUrl":"np://user.desktop.nicepage.com/Site_45115176/images/aesthetic.jpg","size":83466,"hash":"bTlN7iGYzznq5rd9bL4/2sLetXw=","fileName":"aesthetic.jpg","name":"aesthetic","width":800,"height":600,"thumbnail":{"url":"np://user.desktop.nicepage.com/Site_45115176/images/thumbnails/aesthetic.jpg","width":250,"height":188},"usages":["58296513","82595830","75407911","1829521427"]},{"id":"user-image-canycover.jpg","publicUrl":"np://user.desktop.nicepage.com/Site_45115176/images/canycover.jpg","size":89946,"hash":"OgNbqTomQibk1Tz3bCfZAvkNNZI=","fileName":"canycover.jpg","name":"canycover","width":800,"height":600,"thumbnail":{"url":"np://user.desktop.nicepage.com/Site_45115176/images/thumbnails/canycover.jpg","width":250,"height":188},"usages":["70442955"]},{"id":"user-image-bannerleatique.jpg","publicUrl":"np://user.desktop.nicepage.com/Site_45115176/images/bannerleatique.jpg","size":213196,"hash":"hLs+r7NkVL4l19wqoS6q5/UtD0I=","fileName":"bannerleatique.jpg","name":"bannerleatique","width":1416,"height":720,"thumbnail":{"url":"np://user.desktop.nicepage.com/Site_45115176/images/thumbnails/bannerleatique.jpg","width":250,"height":127},"usages":["75389487"]},{"id":"user-image-lovingluichandelier.jpg","publicUrl":"np://user.desktop.nicepage.com/Site_45115176/images/lovingluichandelier.jpg","size":50733,"hash":"1NJOUOziGYHwcBwYUMON6kCSf2E=","fileName":"lovingluichandelier.jpg","name":"lovingluichandelier","width":626,"height":605,"thumbnail":{"url":"np://user.desktop.nicepage.com/Site_45115176/images/thumbnails/lovingluichandelier.jpg","width":250,"height":242},"usages":["70442955"]},{"id":"user-image-rainbow.jpg","publicUrl":"np://user.desktop.nicepage.com/Site_45115176/images/rainbow.jpg","size":67076,"hash":"MjebytpGP2qWjZ9jam+Hhe/eFQQ=","fileName":"rainbow.jpg","name":"rainbow","width":622,"height":612,"thumbnail":{"url":"np://user.desktop.nicepage.com/Site_45115176/images/thumbnails/rainbow.jpg","width":250,"height":246},"usages":["70442955"]},{"id":"user-image-colorful.jpg","publicUrl":"np://user.desktop.nicepage.com/Site_45115176/images/colorful.jpg","size":100794,"hash":"BF/yVe3iXajCc8nHBtjz/4hN6hM=","fileName":"colorful.jpg","name":"colorful","width":630,"height":630,"thumbnail":{"url":"np://user.desktop.nicepage.com/Site_45115176/images/thumbnails/colorful.jpg","width":250,"height":250},"usages":["70442955"]},{"id":"user-image-mariya.png","publicUrl":"np://user.desktop.nicepage.com/Site_45115176/images/mariya.png","size":759176,"hash":"p2Js1jEalAOvNonRuxoBo7yGJPc=","fileName":"mariya.png","name":"mariya","width":697,"height":630,"thumbnail":{"url":"np://user.desktop.nicepage.com/Site_45115176/images/thumbnails/mariya.png","width":250,"height":226},"usages":["70442955"]},{"id":"user-image-ahya.png","publicUrl":"np://user.desktop.nicepage.com/Site_45115176/images/ahya.png","size":683563,"hash":"YMJXzLhTVWOIdYKCbp9eQacVRWY=","fileName":"ahya.png","name":"ahya","width":727,"height":630,"thumbnail":{"url":"np://user.desktop.nicepage.com/Site_45115176/images/thumbnails/ahya.png","width":250,"height":217},"usages":["70442955"]},{"id":"user-image-cotichandelier.jpg","publicUrl":"np://user.desktop.nicepage.com/Site_45115176/images/cotichandelier.jpg","size":106636,"hash":"9ZopWyFlqHyhV9EWu36+xGinBuc=","fileName":"cotichandelier.jpg","name":"cotichandelier","width":749,"height":630,"thumbnail":{"url":"np://user.desktop.nicepage.com/Site_45115176/images/thumbnails/cotichandelier.jpg","width":250,"height":210},"usages":["70442955"]},{"id":"user-image-candyb.jpg","publicUrl":"np://user.desktop.nicepage.com/Site_45115176/images/candyb.jpg","size":54227,"hash":"KhmalP8nRXItBAfMMROaTvMpcyM=","fileName":"candyb.jpg","name":"candyb","width":602,"height":597,"thumbnail":{"url":"np://user.desktop.nicepage.com/Site_45115176/images/thumbnails/candyb.jpg","width":250,"height":248},"usages":["70442955"]},{"id":"user-image-candya.jpg","publicUrl":"np://user.desktop.nicepage.com/Site_45115176/images/candya.jpg","size":55227,"hash":"scQra+jpcTKWE4RREz1HUghIsVQ=","fileName":"candya.jpg","name":"candya","width":585,"height":630,"thumbnail":{"url":"np://user.desktop.nicepage.com/Site_45115176/images/thumbnails/candya.jpg","width":232,"height":250},"usages":["70442955"]},{"id":"user-image-tofu.png","publicUrl":"np://user.desktop.nicepage.com/Site_45115176/images/tofu.png","size":775089,"hash":"gHD3SoHn4jS8U9pvxrrE8LlP5EQ=","fileName":"tofu.png","name":"tofu","width":688,"height":630,"thumbnail":{"url":"np://user.desktop.nicepage.com/Site_45115176/images/thumbnails/tofu.png","width":250,"height":229},"usages":["70442955"]},{"id":"user-image-can.webp","publicUrl":"np://user.desktop.nicepage.com/Site_45115176/images/can.webp","size":374678,"hash":"DrFynOs+uNK7iLXhq023uExp5dk=","fileName":"can.webp","name":"can","width":831,"height":546,"thumbnail":{"url":"np://user.desktop.nicepage.com/Site_45115176/images/thumbnails/can.webp","width":250,"height":164},"usages":["70442955"]},{"id":"user-image-candy_upscayl_4x_realesrgan-x4plus.jpg","publicUrl":"np://user.desktop.nicepage.com/Site_45115176/images/candy_upscayl_4x_realesrgan-x4plus.jpg","size":1190331,"hash":"rgd2Yut0Dv+UhQUMK9i2Le7XDPc=","fileName":"candy_upscayl_4x_realesrgan-x4plus.jpg","name":"candy_upscayl_4x_realesrgan-x4plus","width":1600,"height":1594,"thumbnail":{"url":"np://user.desktop.nicepage.com/Site_45115176/images/thumbnails/candy_upscayl_4x_realesrgan-x4plus.jpg","width":250,"height":249},"usages":["70442955"]},{"id":"user-image-caesarchandelier.jpg","publicUrl":"np://user.desktop.nicepage.com/Site_45115176/images/caesarchandelier.jpg","size":145010,"hash":"3MgQq0L4dqYnsgrrZIg7jwI9kxw=","fileName":"caesarchandelier.jpg","name":"caesarchandelier","width":630,"height":630,"thumbnail":{"url":"np://user.desktop.nicepage.com/Site_45115176/images/thumbnails/caesarchandelier.jpg","width":250,"height":250},"usages":["3002916619"]},{"id":"user-image-modeline.png","publicUrl":"np://user.desktop.nicepage.com/Site_45115176/images/modeline.png","size":732734,"hash":"rDc8LeLEduk1oA/QOwYJ8cC93DY=","fileName":"modeline.png","name":"modeline","width":627,"height":630,"thumbnail":{"url":"np://user.desktop.nicepage.com/Site_45115176/images/thumbnails/modeline.png","width":249,"height":250},"usages":["3002916619"]},{"id":"user-image-vanolia.png","publicUrl":"np://user.desktop.nicepage.com/Site_45115176/images/vanolia.png","size":392709,"hash":"sxeOWiWVImVTYGt7WOzuZ9FUZxs=","fileName":"vanolia.png","name":"vanolia","width":630,"height":630,"thumbnail":{"url":"np://user.desktop.nicepage.com/Site_45115176/images/thumbnails/vanolia.png","width":250,"height":250},"usages":["3002916619"]},{"id":"user-image-2472e68d100aabf2991d2ba776cc26608a4a3b8f4bd90ec703b256a77d8c7bddc728078d4ce9d1782572ea816d74c576f24fc4df113abfa598ed91_1280.jpg","publicUrl":"np://user.desktop.nicepage.com/Site_45115176/images/2472e68d100aabf2991d2ba776cc26608a4a3b8f4bd90ec703b256a77d8c7bddc728078d4ce9d1782572ea816d74c576f24fc4df113abfa598ed91_1280.jpg","size":272171,"hash":"jsfE5g/u+s30nMQatU49+qBT3V0=","fileName":"2472e68d100aabf2991d2ba776cc26608a4a3b8f4bd90ec703b256a77d8c7bddc728078d4ce9d1782572ea816d74c576f24fc4df113abfa598ed91_1280.jpg","name":"2472e68d100aabf2991d2ba776cc26608a4a3b8f4bd90ec703b256a77d8c7bddc728078d4ce9d1782572ea816d74c576f24fc4df113abfa598ed91_1280","width":1280,"height":720,"thumbnail":{"url":"np://user.desktop.nicepage.com/Site_45115176/images/thumbnails/2472e68d100aabf2991d2ba776cc26608a4a3b8f4bd90ec703b256a77d8c7bddc728078d4ce9d1782572ea816d74c576f24fc4df113abfa598ed91_1280.jpg","width":250,"height":141},"usages":["3002916619"]},{"id":"user-image-space.jpg","publicUrl":"np://user.desktop.nicepage.com/Site_45115176/images/space.jpg","size":60040,"hash":"EWNppDTEiO4ikoXGV8iMwjvvjWg=","fileName":"space.jpg","name":"space","width":630,"height":630,"thumbnail":{"url":"np://user.desktop.nicepage.com/Site_45115176/images/thumbnails/space.jpg","width":250,"height":250},"usages":["274014044"]},{"id":"user-image-maskulin.jpg","publicUrl":"np://user.desktop.nicepage.com/Site_45115176/images/maskulin.jpg","size":84240,"hash":"whvfyMBq8uyMiqpsYTyeSNPKrw0=","fileName":"maskulin.jpg","name":"maskulin","width":586,"height":630,"thumbnail":{"url":"np://user.desktop.nicepage.com/Site_45115176/images/thumbnails/maskulin.jpg","width":233,"height":250},"usages":["274014044"]},{"id":"user-image-ids.jpg","publicUrl":"np://user.desktop.nicepage.com/Site_45115176/images/ids.jpg","size":38489,"hash":"p1a/YuPMwi6UQRhCn9LgWEwTSs8=","fileName":"ids.jpg","name":"ids","width":630,"height":630,"thumbnail":{"url":"np://user.desktop.nicepage.com/Site_45115176/images/thumbnails/ids.jpg","width":250,"height":250},"usages":["274014044"]},{"id":"user-image-9908d58da379615583c5ee962e10338a4a4070e2c670db132eb14b937f3f5ff5250de7acd13b1d273e69aaaaa645b679f7cd39bfa9b8bc07b0fc8f_1280.png","publicUrl":"np://user.desktop.nicepage.com/Site_45115176/images/9908d58da379615583c5ee962e10338a4a4070e2c670db132eb14b937f3f5ff5250de7acd13b1d273e69aaaaa645b679f7cd39bfa9b8bc07b0fc8f_1280.png","size":2958997,"hash":"aXHyAsgssbIT8oqdMAvDWNCXOnI=","fileName":"9908d58da379615583c5ee962e10338a4a4070e2c670db132eb14b937f3f5ff5250de7acd13b1d273e69aaaaa645b679f7cd39bfa9b8bc07b0fc8f_1280.png","name":"9908d58da379615583c5ee962e10338a4a4070e2c670db132eb14b937f3f5ff5250de7acd13b1d273e69aaaaa645b679f7cd39bfa9b8bc07b0fc8f_1280","width":1280,"height":1280,"thumbnail":{"url":"np://user.desktop.nicepage.com/Site_45115176/images/thumbnails/9908d58da379615583c5ee962e10338a4a4070e2c670db132eb14b937f3f5ff5250de7acd13b1d273e69aaaaa645b679f7cd39bfa9b8bc07b0fc8f_1280.png","width":250,"height":250},"usages":["274014044"]},{"id":"user-image-fraganola.jpeg","publicUrl":"np://user.desktop.nicepage.com/Site_45115176/images/fraganola.jpeg","size":72347,"hash":"dwAZDjNA1VHGtk/hSEpqHuiSi+k=","fileName":"fraganola.jpeg","name":"fraganola","width":630,"height":630,"thumbnail":{"url":"np://user.desktop.nicepage.com/Site_45115176/images/thumbnails/fraganola.jpeg","width":250,"height":250},"usages":["58296513"]},{"id":"user-image-leif.png","publicUrl":"np://user.desktop.nicepage.com/Site_45115176/images/leif.png","size":255966,"hash":"x5M56NAVae+EoCS7+ebSV/GsKxk=","fileName":"leif.png","name":"leif","width":430,"height":430,"thumbnail":{"url":"np://user.desktop.nicepage.com/Site_45115176/images/thumbnails/leif.png","width":250,"height":250},"usages":["58296513"]},{"id":"user-image-moony.png","publicUrl":"np://user.desktop.nicepage.com/Site_45115176/images/moony.png","size":668699,"hash":"aPf7poqK4kGrk3bxKPRI4uF69mE=","fileName":"moony.png","name":"moony","width":610,"height":630,"thumbnail":{"url":"np://user.desktop.nicepage.com/Site_45115176/images/thumbnails/moony.png","width":242,"height":250},"usages":["58296513"]},{"id":"user-image-shelby.jpeg","publicUrl":"np://user.desktop.nicepage.com/Site_45115176/images/shelby.jpeg","size":59315,"hash":"Gdjz15gb78XvX15Orz2xvvAMNwg=","fileName":"shelby.jpeg","name":"shelby","width":630,"height":630,"thumbnail":{"url":"np://user.desktop.nicepage.com/Site_45115176/images/thumbnails/shelby.jpeg","width":250,"height":250},"usages":["1829521427"]},{"id":"user-image-tablelamp.png","publicUrl":"np://user.desktop.nicepage.com/Site_45115176/images/tablelamp.png","size":909177,"hash":"x0fkOsyqo/bAzmtNiSgaDVsorjM=","fileName":"tablelamp.png","name":"tablelamp","width":564,"height":630,"thumbnail":{"url":"np://user.desktop.nicepage.com/Site_45115176/images/thumbnails/tablelamp.png","width":224,"height":250},"usages":["1829521427"]},{"id":"user-image-candy.jpg","publicUrl":"np://user.desktop.nicepage.com/Site_45115176/images/candy.jpg","size":52470,"hash":"sm1j4HM0j/YR3uG7tkRaSIZZ5pU=","fileName":"candy.jpg","name":"candy","width":546,"height":544,"thumbnail":{"url":"np://user.desktop.nicepage.com/Site_45115176/images/thumbnails/candy.jpg","width":250,"height":249},"usages":["1829521427"]},{"id":"user-image-zelmira.jpg","publicUrl":"np://user.desktop.nicepage.com/Site_45115176/images/zelmira.jpg","size":89110,"hash":"A5HCZ01mi89tK1b2LuaI+g8K8Nk=","fileName":"zelmira.jpg","name":"zelmira","width":630,"height":630,"thumbnail":{"url":"np://user.desktop.nicepage.com/Site_45115176/images/thumbnails/zelmira.jpg","width":250,"height":250},"usages":["82595830"]},{"id":"user-image-clasinuta.png","publicUrl":"np://user.desktop.nicepage.com/Site_45115176/images/clasinuta.png","size":628979,"hash":"tAqvFw6QAjqBZuYgh4YocUg/vBc=","fileName":"clasinuta.png","name":"clasinuta","width":639,"height":630,"thumbnail":{"url":"np://user.desktop.nicepage.com/Site_45115176/images/thumbnails/clasinuta.png","width":250,"height":246},"usages":["82595830"]},{"id":"user-image-bahgat.jpg","publicUrl":"np://user.desktop.nicepage.com/Site_45115176/images/bahgat.jpg","size":85127,"hash":"IqTnIV8FFJaXq3Zhh5Ce7ZC6Xo4=","fileName":"bahgat.jpg","name":"bahgat","width":630,"height":630,"thumbnail":{"url":"np://user.desktop.nicepage.com/Site_45115176/images/thumbnails/bahgat.jpg","width":250,"height":250},"usages":["82595830"]},{"id":"user-image-sk2.jpg","publicUrl":"np://user.desktop.nicepage.com/Site_45115176/images/sk2.jpg","size":44878,"hash":"Cee6qF+bazaSsZ3A+QdishEBuAE=","fileName":"sk2.jpg","name":"sk2","width":630,"height":630,"thumbnail":{"url":"np://user.desktop.nicepage.com/Site_45115176/images/thumbnails/sk2.jpg","width":250,"height":250},"usages":["75407911"]},{"id":"user-image-sk.jpg","publicUrl":"np://user.desktop.nicepage.com/Site_45115176/images/sk.jpg","size":45701,"hash":"oz4KMgRsWam4tS5JGEr/AA41bAs=","fileName":"sk.jpg","name":"sk","width":636,"height":630,"thumbnail":{"url":"np://user.desktop.nicepage.com/Site_45115176/images/thumbnails/sk.jpg","width":250,"height":248},"usages":["75407911"]},{"id":"user-image-moachandelier.jpg","publicUrl":"np://user.desktop.nicepage.com/Site_45115176/images/moachandelier.jpg","size":48319,"hash":"TI2k4gusgrm7K/VTFWzUFPXnvAw=","fileName":"moachandelier.jpg","name":"moachandelier","width":630,"height":630,"thumbnail":{"url":"np://user.desktop.nicepage.com/Site_45115176/images/thumbnails/moachandelier.jpg","width":250,"height":250},"usages":["75407911"]},{"id":"user-image-hijau.jpg","publicUrl":"np://user.desktop.nicepage.com/Site_45115176/images/hijau.jpg","size":66105,"hash":"SooFzXR8rU67RQtcwYuQ0EcXkAk=","fileName":"hijau.jpg","name":"hijau","width":800,"height":800,"thumbnail":{"url":"np://user.desktop.nicepage.com/Site_45115176/images/thumbnails/hijau.jpg","width":250,"height":250},"usages":["75389487"]},{"id":"user-image-pink.jpg","publicUrl":"np://user.desktop.nicepage.com/Site_45115176/images/pink.jpg","size":60546,"hash":"ltyMiaXlXRBENVr2CE4aRHgSYLU=","fileName":"pink.jpg","name":"pink","width":800,"height":800,"thumbnail":{"url":"np://user.desktop.nicepage.com/Site_45115176/images/thumbnails/pink.jpg","width":250,"height":250},"usages":["75389487"]},{"id":"user-image-biru.jpg","publicUrl":"np://user.desktop.nicepage.com/Site_45115176/images/biru.jpg","size":65392,"hash":"8JpAHlZNm5hgc1OEohZrPDeT/po=","fileName":"biru.jpg","name":"biru","width":800,"height":800,"thumbnail":{"url":"np://user.desktop.nicepage.com/Site_45115176/images/thumbnails/biru.jpg","width":250,"height":250},"usages":["75389487"]},{"id":"user-image-warnawarni.jpg","publicUrl":"np://user.desktop.nicepage.com/Site_45115176/images/warnawarni.jpg","size":44938,"hash":"hfzts/br+ngS9Zb/6Wj3iOMcEMs=","fileName":"warnawarni.jpg","name":"warnawarni","width":800,"height":800,"thumbnail":{"url":"np://user.desktop.nicepage.com/Site_45115176/images/thumbnails/warnawarni.jpg","width":250,"height":250},"usages":["75389487"]},{"id":"user-image-industriallivingroom.jpg","publicUrl":"np://user.desktop.nicepage.com/Site_45115176/images/industriallivingroom.jpg","size":45780,"hash":"8PeArMpk1X0VJbzlmkQ3Y/2d+qM=","fileName":"industriallivingroom.jpg","name":"industriallivingroom","width":512,"height":512,"thumbnail":{"url":"np://user.desktop.nicepage.com/Site_45115176/images/thumbnails/industriallivingroom.jpg","width":250,"height":250},"usages":["75389487"]},{"id":"user-image-aestheticroomidea.jpg","publicUrl":"np://user.desktop.nicepage.com/Site_45115176/images/aestheticroomidea.jpg","size":114964,"hash":"qnG2qmwxlDpykUkm493s7SEUqTo=","fileName":"aestheticroomidea.jpg","name":"aestheticroomidea","width":1080,"height":1080,"thumbnail":{"url":"np://user.desktop.nicepage.com/Site_45115176/images/thumbnails/aestheticroomidea.jpg","width":250,"height":250},"usages":["75389487"]},{"id":"user-image-minimalisinteriorbyleatique.jpg","publicUrl":"np://user.desktop.nicepage.com/Site_45115176/images/minimalisinteriorbyleatique.jpg","size":246935,"hash":"7oIEdOid/ks5nyMI7qPRL9lHd64=","fileName":"minimalisinteriorbyleatique.jpg","name":"minimalisinteriorbyleatique","width":1024,"height":1372,"thumbnail":{"url":"np://user.desktop.nicepage.com/Site_45115176/images/thumbnails/minimalisinteriorbyleatique.jpg","width":187,"height":250},"usages":["75389487"]},{"id":"user-image-shabbychicinteriorleatique.jpg","publicUrl":"np://user.desktop.nicepage.com/Site_45115176/images/shabbychicinteriorleatique.jpg","size":122425,"hash":"EcMnuz5L5anRMtWFmmL6LfaxTak=","fileName":"shabbychicinteriorleatique.jpg","name":"shabbychicinteriorleatique","width":866,"height":866,"thumbnail":{"url":"np://user.desktop.nicepage.com/Site_45115176/images/thumbnails/shabbychicinteriorleatique.jpg","width":250,"height":250},"usages":["75389487"]},{"id":"user-image-classicmoderninteriordesignleatique.jpg","publicUrl":"np://user.desktop.nicepage.com/Site_45115176/images/classicmoderninteriordesignleatique.jpg","size":64297,"hash":"KEaOETfOf4pewGsFdeMeOhc6TAY=","fileName":"classicmoderninteriordesignleatique.jpg","name":"classicmoderninteriordesignleatique","width":550,"height":458,"thumbnail":{"url":"np://user.desktop.nicepage.com/Site_45115176/images/thumbnails/classicmoderninteriordesignleatique.jpg","width":250,"height":208},"usages":["75389487"]},{"id":"user-image-scandinavian-interior-design-ideas.jpg","publicUrl":"np://user.desktop.nicepage.com/Site_45115176/images/scandinavian-interior-design-ideas.jpg","size":202535,"hash":"PvCmWkNa0u3cy5xXJ8vSPQDq/fs=","fileName":"scandinavian-interior-design-ideas.jpg","name":"scandinavian-interior-design-ideas","width":940,"height":564,"thumbnail":{"url":"np://user.desktop.nicepage.com/Site_45115176/images/thumbnails/scandinavian-interior-design-ideas.jpg","width":250,"height":150},"usages":["75389487"]},{"id":"user-image-leatiquewhitelogo.png","publicUrl":"np://user.desktop.nicepage.com/Site_45115176/images/leatiquewhitelogo.png","size":28342,"hash":"UVFVhAbGcWboSu/VpozCOe+SyPs=","fileName":"leatiquewhitelogo.png","name":"leatiquewhitelogo","width":1080,"height":190,"thumbnail":{"url":"np://user.desktop.nicepage.com/Site_45115176/images/thumbnails/leatiquewhitelogo.png","width":250,"height":44},"usages":["75389487","70442955","3002916619","58296513","274014044","82595830","75407911","1829521427"]}]