[{"id":32646290,"title":"Blog Template","order":1,"templateKey":"blog","customTemplate":false,"customTemplateFilename":null,"pageLinks":[],"dateCreated":"2024-06-29T09:08:01.980Z","dateUpdated":"2024-06-29T09:08:01.995Z","folderId":null,"pageName":"Blog Template","serverPageId":null,"status":2,"backwardUrl":null},{"id":573305790,"title":"Post Template","order":2,"templateKey":"post","customTemplate":false,"customTemplateFilename":null,"pageLinks":[],"dateCreated":"2024-06-29T09:08:02.043Z","dateUpdated":"2024-06-29T09:08:02.052Z","folderId":null,"pageName":"Post Template","serverPageId":null,"status":2,"backwardUrl":null},{"id":417212146,"title":"Product List Template","order":3,"templateKey":"products","customTemplate":false,"customTemplateFilename":null,"pageLinks":[],"dateCreated":"2024-06-29T09:08:02.109Z","dateUpdated":"2024-06-29T09:08:02.119Z","folderId":null,"pageName":"Product List Template","serverPageId":null,"status":2,"backwardUrl":null},{"id":16810637,"title":"Product Details Template","order":4,"templateKey":"product","customTemplate":false,"customTemplateFilename":null,"pageLinks":[],"dateCreated":"2024-06-29T09:08:02.169Z","dateUpdated":"2024-06-29T09:08:02.180Z","folderId":null,"pageName":"Product Details Template","serverPageId":null,"status":2,"backwardUrl":null},{"id":28125676,"title":"Shopping Cart Template","order":5,"templateKey":"cart","customTemplate":false,"customTemplateFilename":null,"pageLinks":[],"dateCreated":"2024-06-29T09:08:02.228Z","dateUpdated":"2024-06-29T09:08:02.236Z","folderId":null,"pageName":"Shopping Cart Template","serverPageId":null,"status":2,"backwardUrl":null},{"id":530822032,"title":"Checkout Template","order":6,"templateKey":"checkout","customTemplate":false,"customTemplateFilename":null,"pageLinks":[],"dateCreated":"2024-06-29T09:08:02.282Z","dateUpdated":"2024-06-29T09:08:02.289Z","folderId":null,"pageName":"Checkout Template","serverPageId":null,"status":2,"backwardUrl":null},{"id":62852655,"title":"Login Template","order":7,"templateKey":"login","customTemplate":false,"customTemplateFilename":null,"pageLinks":[],"dateCreated":"2024-06-29T09:08:02.339Z","dateUpdated":"2024-06-29T09:08:02.343Z","folderId":null,"pageName":"Login Template","serverPageId":null,"status":2,"backwardUrl":null},{"id":2125802590,"title":"Search Page Template","order":8,"templateKey":"Search","customTemplate":false,"customTemplateFilename":null,"pageLinks":["6","5","4"],"dateCreated":"2024-09-21T05:50:18.000Z","dateUpdated":"2024-09-21T05:50:18.088Z","folderId":null,"pageName":"Search Page Template","serverPageId":null,"sectionCount":1,"status":2,"backwardUrl":null},{"id":53803959,"title":"Page Password Template","order":9,"templateKey":"password","customTemplate":false,"customTemplateFilename":null,"pageLinks":[],"dateCreated":"2024-06-29T09:08:02.391Z","dateUpdated":"2024-06-29T09:08:02.396Z","folderId":null,"pageName":"Page Password Template","serverPageId":null,"status":2,"backwardUrl":null},{"id":164869725,"title":"404 Not Found Template","order":10,"templateKey":"404","customTemplate":false,"customTemplateFilename":null,"pageLinks":[],"dateCreated":"2024-06-29T09:08:02.442Z","dateUpdated":"2024-06-29T09:08:02.447Z","folderId":null,"pageName":"404 Not Found Template","serverPageId":null,"status":2,"backwardUrl":null},{"id":79097983,"title":"Thank You Page Template","order":11,"templateKey":"ThankYou","customTemplate":false,"customTemplateFilename":null,"pageLinks":[],"dateCreated":"2024-08-07T14:51:03.150Z","dateUpdated":"2024-08-07T14:51:03.201Z","folderId":null,"pageName":"Thank You Page Template","serverPageId":null,"sectionCount":1,"status":2,"backwardUrl":null},{"id":75389487,"title":"sugesstion","order":50,"templateKey":null,"customTemplate":false,"customTemplateFilename":null,"pageLinks":["75407911","3002916619","1829521427","82595830","58296513","274014044","70442955"],"dateCreated":"2024-08-01T19:52:26.386Z","dateUpdated":"2024-09-11T06:19:02.050Z","folderId":null,"pageName":"sugesstion_75389487","serverPageId":null,"sectionCount":9,"status":2,"backwardUrl":null},{"id":75407911,"title":"scandinavian","order":101,"templateKey":null,"customTemplate":false,"customTemplateFilename":null,"pageLinks":["3002916619","58296513","82595830","274014044","75407911","1829521427","70442955"],"dateCreated":"2024-07-28T06:03:16.256Z","dateUpdated":"2024-09-10T19:57:21.801Z","folderId":null,"pageName":"scandinavian_75407911","serverPageId":null,"sectionCount":10,"status":2,"backwardUrl":null},{"id":82595830,"title":"minimalis","order":102,"templateKey":null,"customTemplate":false,"customTemplateFilename":null,"pageLinks":["3002916619","58296513","82595830","274014044","75407911","1829521427","70442955"],"dateCreated":"2024-07-28T06:02:55.766Z","dateUpdated":"2024-09-10T19:52:55.501Z","folderId":null,"pageName":"minimalis_82595830","serverPageId":null,"sectionCount":10,"status":2,"backwardUrl":null},{"id":58296513,"title":"ecletic","order":104,"templateKey":null,"customTemplate":false,"customTemplateFilename":null,"pageLinks":["3002916619","58296513","82595830","274014044","75407911","1829521427"],"dateCreated":"2024-07-29T18:03:47.496Z","dateUpdated":"2024-09-10T19:45:57.278Z","folderId":null,"pageName":"ecletic_58296513","serverPageId":null,"sectionCount":8,"status":2,"backwardUrl":null},{"id":274014044,"title":"industrial","order":105,"templateKey":null,"customTemplate":false,"customTemplateFilename":null,"pageLinks":["3002916619","58296513","82595830","274014044","75407911","1829521427"],"dateCreated":"2024-07-28T06:02:31.477Z","dateUpdated":"2024-09-10T19:47:36.108Z","folderId":null,"pageName":"industrial_274014044","serverPageId":null,"sectionCount":5,"status":2,"backwardUrl":null},{"id":3002916619,"title":"classic","order":106,"templateKey":null,"customTemplate":false,"customTemplateFilename":null,"pageLinks":["3002916619","58296513","274014044","82595830","75407911","1829521427"],"dateCreated":"2024-07-30T07:52:44.206Z","dateUpdated":"2024-09-10T19:41:45.656Z","folderId":null,"pageName":"classic_3002916619","serverPageId":null,"sectionCount":10,"status":2,"backwardUrl":null},{"id":70442955,"title":"candylamp","order":107,"templateKey":null,"customTemplate":false,"customTemplateFilename":null,"pageLinks":["3002916619","58296513","82595830","274014044","75407911","1829521427","70442955"],"dateCreated":"2024-07-29T17:58:47.752Z","dateUpdated":"2024-09-11T16:50:36.361Z","folderId":null,"pageName":"candylamp_70442955","serverPageId":null,"sectionCount":12,"status":2,"backwardUrl":null},{"id":1829521427,"title":"shabby","order":108,"templateKey":null,"customTemplate":false,"customTemplateFilename":null,"pageLinks":["70442955","3002916619","58296513","82595830","274014044","75407911","1829521427"],"dateCreated":"2024-07-28T06:03:37.185Z","dateUpdated":"2024-09-10T19:59:20.045Z","folderId":null,"pageName":"shabby_1829521427","serverPageId":null,"sectionCount":9,"status":2,"backwardUrl":null}]