[{"id":"user-image-DEKORASI.jpg","publicUrl":"np://user.desktop.nicepage.com/Site_71411508/images/DEKORASI.jpg","size":167473,"hash":"LYiOJTIVPxOO6et7bdL4B6tBtuo=","fileName":"DEKORASI.jpg","name":"DEKORASI","width":1080,"height":1080,"thumbnail":{"url":"np://user.desktop.nicepage.com/Site_71411508/images/thumbnails/DEKORASI.jpg","width":250,"height":250},"folderId":null,"usages":["137900371"]},{"id":"user-image-favicon.jpg","publicUrl":"np://user.desktop.nicepage.com/Site_71411508/images/favicon.jpg","size":25472,"hash":"ST0ZlVKWR4NECVX2miwHCBAA1ys=","fileName":"favicon.jpg","name":"favicon","width":500,"height":500,"thumbnail":{"url":"np://user.desktop.nicepage.com/Site_71411508/images/thumbnails/favicon.jpg","width":250,"height":250},"usages":[]},{"id":"user-image-NEWLOGOPUTIHLEATIQUE.png","publicUrl":"np://user.desktop.nicepage.com/Site_71411508/images/NEWLOGOPUTIHLEATIQUE.png","size":7026,"hash":"bJN6V5Oi+NnUC3mmhlpE7SKZ58I=","fileName":"NEWLOGOPUTIHLEATIQUE.png","name":"NEWLOGOPUTIHLEATIQUE","width":441,"height":214,"thumbnail":{"url":"np://user.desktop.nicepage.com/Site_71411508/images/thumbnails/NEWLOGOPUTIHLEATIQUE.png","width":250,"height":121},"usages":["137900371"]},{"id":"user-image-logoleatiquehijaunew.png","publicUrl":"np://user.desktop.nicepage.com/Site_71411508/images/logoleatiquehijaunew.png","size":8620,"hash":"zHrYiataZiW6Qua/CFecHAFQY9g=","fileName":"logoleatiquehijaunew.png","name":"logoleatiquehijaunew","width":435,"height":219,"thumbnail":{"url":"np://user.desktop.nicepage.com/Site_71411508/images/thumbnails/logoleatiquehijaunew.png","width":250,"height":126},"usages":["137900371"]},{"id":"user-image-packing.jpg","publicUrl":"np://user.desktop.nicepage.com/Site_71411508/images/packing.jpg","size":156181,"hash":"c58cS9flykBgEzlSQdXZRhrpKcw=","fileName":"packing.jpg","name":"packing","width":1080,"height":1080,"thumbnail":{"url":"np://user.desktop.nicepage.com/Site_71411508/images/thumbnails/packing.jpg","width":250,"height":250},"usages":["137900371"]},{"id":"user-image-bastna.jpeg","publicUrl":"np://user.desktop.nicepage.com/Site_71411508/images/bastna.jpeg","size":88107,"hash":"sSgQsp0xiZOctKbGOU9iMu7zGM8=","fileName":"bastna.jpeg","name":"bastna","width":658,"height":658,"thumbnail":{"url":"np://user.desktop.nicepage.com/Site_71411508/images/thumbnails/bastna.jpeg","width":250,"height":250},"usages":["137900371"]},{"id":"user-image-liu.jpg","publicUrl":"np://user.desktop.nicepage.com/Site_71411508/images/liu.jpg","size":134167,"hash":"jDS6REju5oRbFr1vz74jSvVjpVc=","fileName":"liu.jpg","name":"liu","width":658,"height":658,"thumbnail":{"url":"np://user.desktop.nicepage.com/Site_71411508/images/thumbnails/liu.jpg","width":250,"height":250},"usages":["137900371"]},{"id":"user-image-blosomp.jpg","publicUrl":"np://user.desktop.nicepage.com/Site_71411508/images/blosomp.jpg","size":85931,"hash":"vXoQsjJIFFivOjHDVBDgtvnXVQo=","fileName":"blosomp.jpg","name":"blosomp","width":661,"height":658,"thumbnail":{"url":"np://user.desktop.nicepage.com/Site_71411508/images/thumbnails/blosomp.jpg","width":250,"height":249},"usages":["137900371"]},{"id":"user-image-IGLeatiquelogo.gif","publicUrl":"np://user.desktop.nicepage.com/Site_71411508/images/IGLeatiquelogo.gif","size":38450,"hash":"LkQqJfj7Hkbi2gX0bejk/ZPVUsg=","fileName":"IGLeatiquelogo.gif","name":"IGLeatiquelogo","width":490,"height":288,"thumbnail":{"url":"np://user.desktop.nicepage.com/Site_71411508/images/thumbnails/IGLeatiquelogo.gif","width":250,"height":147},"usages":["137900371"]},{"id":"user-image-basin.jpg","publicUrl":"np://user.desktop.nicepage.com/Site_71411508/images/basin.jpg","size":91705,"hash":"8DzHP6tm440NoX7h0/F5xc/z+nY=","fileName":"basin.jpg","name":"basin","width":735,"height":734,"thumbnail":{"url":"np://user.desktop.nicepage.com/Site_71411508/images/thumbnails/basin.jpg","width":250,"height":250},"usages":["137900371"]},{"id":"user-image-TERAZO.jpg","publicUrl":"np://user.desktop.nicepage.com/Site_71411508/images/TERAZO.jpg","size":100686,"hash":"FeOW99RoDL5RJc/rgHAP63ZXSsQ=","fileName":"TERAZO.jpg","name":"TERAZO","width":658,"height":658,"thumbnail":{"url":"np://user.desktop.nicepage.com/Site_71411508/images/thumbnails/TERAZO.jpg","width":250,"height":250},"usages":["137900371"]},{"id":"user-image-sinkgranitpink.jpg","publicUrl":"np://user.desktop.nicepage.com/Site_71411508/images/sinkgranitpink.jpg","size":62926,"hash":"9FRNxglVv8ajzpe4mDpl6lKNL9U=","fileName":"sinkgranitpink.jpg","name":"sinkgranitpink","width":701,"height":706,"thumbnail":{"url":"np://user.desktop.nicepage.com/Site_71411508/images/thumbnails/sinkgranitpink.jpg","width":248,"height":250},"usages":["137900371"]}]