[{"id":"user-image-leatiquemarketplace.jpg","publicUrl":"np://user.desktop.nicepage.com/Site_97293481/images/leatiquemarketplace.jpg","size":121011,"hash":"c52qqG92GnGQyLuzeQR9Sgewpmk=","fileName":"leatiquemarketplace.jpg","name":"leatiquemarketplace","width":1080,"height":1080,"thumbnail":{"url":"np://user.desktop.nicepage.com/Site_97293481/images/thumbnails/leatiquemarketplace.jpg","width":250,"height":250},"folderId":null,"usages":["2599701102"]},{"id":"user-image-JAMINAN.jpg","publicUrl":"np://user.desktop.nicepage.com/Site_97293481/images/JAMINAN.jpg","size":173881,"hash":"qYOPZyG2zG0m4hqBJAgFE9rznbE=","fileName":"JAMINAN.jpg","name":"JAMINAN","width":1080,"height":1080,"thumbnail":{"url":"np://user.desktop.nicepage.com/Site_97293481/images/thumbnails/JAMINAN.jpg","width":250,"height":250},"folderId":null,"usages":["2599701102"]},{"id":"user-image-CicilanMenabung.jpg","publicUrl":"np://user.desktop.nicepage.com/Site_97293481/images/CicilanMenabung.jpg","size":230644,"hash":"GZdEllahduaPxtqGRtBhfhJJQBA=","fileName":"CicilanMenabung.jpg","name":"CicilanMenabung","width":1080,"height":1080,"thumbnail":{"url":"np://user.desktop.nicepage.com/Site_97293481/images/thumbnails/CicilanMenabung.jpg","width":250,"height":250},"folderId":null,"usages":["2599701102"]},{"id":"user-image-premiumpreorder.jpg","publicUrl":"np://user.desktop.nicepage.com/Site_97293481/images/premiumpreorder.jpg","size":178657,"hash":"WMHEOAesSRYYjzjnTgkxkPB3Crk=","fileName":"premiumpreorder.jpg","name":"premiumpreorder","width":1080,"height":1080,"thumbnail":{"url":"np://user.desktop.nicepage.com/Site_97293481/images/thumbnails/premiumpreorder.jpg","width":250,"height":250},"folderId":null,"usages":["2599701102"]},{"id":"user-image-DEKORASI.jpg","publicUrl":"np://user.desktop.nicepage.com/Site_97293481/images/DEKORASI.jpg","size":167473,"hash":"LYiOJTIVPxOO6et7bdL4B6tBtuo=","fileName":"DEKORASI.jpg","name":"DEKORASI","width":1080,"height":1080,"thumbnail":{"url":"np://user.desktop.nicepage.com/Site_97293481/images/thumbnails/DEKORASI.jpg","width":250,"height":250},"folderId":null,"usages":["2599701102"]},{"id":"user-image-PESANVIAWHATSAPP.jpg","publicUrl":"np://user.desktop.nicepage.com/Site_97293481/images/PESANVIAWHATSAPP.jpg","size":282311,"hash":"MD4XV8+SBFU1pu5Nc90Kh18ehP8=","fileName":"PESANVIAWHATSAPP.jpg","name":"PESANVIAWHATSAPP","width":1080,"height":1920,"thumbnail":{"url":"np://user.desktop.nicepage.com/Site_97293481/images/thumbnails/PESANVIAWHATSAPP.jpg","width":141,"height":250},"folderId":null,"usages":["2599701102"]},{"id":"user-image-4053262.png","publicUrl":"np://user.desktop.nicepage.com/Site_97293481/images/4053262.png","size":8368,"hash":"vObYivQ8Cn3hVvzwHk236nRiCiw=","fileName":"4053262.png","name":"4053262","width":128,"height":128,"thumbnail":{"url":"np://user.desktop.nicepage.com/Site_97293481/images/thumbnails/4053262.png","width":128,"height":128,"length":8368,"type":"png"},"folderId":null,"usages":["2599701102"]},{"id":"user-image-CATALOG.jpg","publicUrl":"np://user.desktop.nicepage.com/Site_97293481/images/CATALOG.jpg","size":342666,"hash":"/aYps8h7icuXW2BEfNEKH45ErzM=","fileName":"CATALOG.jpg","name":"CATALOG","width":1680,"height":869,"thumbnail":{"url":"np://user.desktop.nicepage.com/Site_97293481/images/thumbnails/CATALOG.jpg","width":250,"height":129},"folderId":null,"usages":["2599701102"]},{"id":"user-image-logoleatiquehijaunew.png","publicUrl":"np://user.desktop.nicepage.com/Site_97293481/images/logoleatiquehijaunew.png","size":8620,"hash":"zHrYiataZiW6Qua/CFecHAFQY9g=","fileName":"logoleatiquehijaunew.png","name":"logoleatiquehijaunew","width":435,"height":219,"thumbnail":{"url":"np://user.desktop.nicepage.com/Site_97293481/images/thumbnails/logoleatiquehijaunew.png","width":250,"height":126},"folderId":null,"usages":["2599701102"]}]